tweet,descriptions,clean_tweet,sentiment
@tokopedia Ihh minto ğŸ˜­ğŸ˜­ğŸ˜­ğŸ˜­ becanda zeyeng âœŒ,"['Brands and Companies', 'A taxonomy of user interests. ', 'A taxonomy of user interests. ', 'A taxonomy of user interests. ', 'for individual and types of technology, e.g., food technology, 3D printing']",tokopedia ihh minto becanda zeyeng,netral
"@ohmybeautybank Berdasarkan #DataCompas , Raine Beauty jadi top 13 brand Blush On based on market share di Shopee &amp; Tokopedia (official store only) sepanjang 16-31 Desember 2022 dan berhasil ngalahin Nacific &amp; BLP! Congrats Kak Yaya @raisa6690 ğŸ¥³","['Named people in the world like Nelson Mandela', 'Categories within Brand Verticals that narrow down the scope of Brands', 'Categories within Brand Verticals that narrow down the scope of Brands', 'Brands and Companies', 'Brands and Companies', 'A musician in the world, like Adele or Bob Dylan', 'Top level interests and hobbies groupings, like Food or Travel', 'A taxonomy of user interests. ', 'A taxonomy of user interests. ', 'A taxonomy of user interests. ', 'A taxonomy of user interests. ', 'A taxonomy of user interests. ', 'A taxonomy of user interests. ', 'A taxonomy of user interests. ', 'A taxonomy of user interests. ', 'A taxonomy of user interests. ', 'A taxonomy of user interests. ', 'A taxonomy of user interests. ', 'for individual and types of technology, e.g., food technology, 3D printing', 'A product taxonomy for labeling categories of products. ', 'Top level interests and hobbies groupings, like Food or Travel', 'A grouping of interests and hobbies entities, like Novelty Food or Destinations', 'Interests, opinions, and behaviors of individuals, groups, or cultures; like Speciality Cooking or Theme Parks', 'A taxonomy of user interests. ']",ohmybeautybank dasar datacompas raine beauty top brand blush on based on market share shopee amp tokopedia official store only desember hasil ngalahin nacific amp blp congrats kak yaya raisa,netral
@gopayindonesia @tokopedia 15 juta,"['Brands and Companies', 'A taxonomy of user interests. ', 'A taxonomy of user interests. ', 'A taxonomy of user interests. ', 'for individual and types of technology, e.g., food technology, 3D printing']",gopayindonesia tokopedia juta,netral
"@gopayindonesia @tokopedia Hingga 15 juta
#SemuaJadiRingan #GoPayLaterCicil","['Brands and Companies', 'A taxonomy of user interests. ', 'A taxonomy of user interests. ', 'A taxonomy of user interests. ', 'for individual and types of technology, e.g., food technology, 3D printing']",gopayindonesia tokopedia jutasemuajadiringan gopaylatercicil,netral
@rejjun di tokopedia! dari mall gituu!,"['Brands and Companies', 'A taxonomy of user interests. ', 'A taxonomy of user interests. ', 'A taxonomy of user interests. ', 'for individual and types of technology, e.g., food technology, 3D printing']",rejjun tokopedia mall gituu,netral
"@gopayindonesia @tokopedia LIMIT GOPAYLATER CICIL S/D (15) JUTA ğŸ¥³ğŸ¥³ 
#SemuaJadiRingan 
#GoPayLaterCicil","['Brands and Companies', 'A taxonomy of user interests. ', 'A taxonomy of user interests. ', 'A taxonomy of user interests. ', 'for individual and types of technology, e.g., food technology, 3D printing']",gopayindonesia tokopedia limit gopaylater cicil sd juta semuajadiringan gopaylatercicil,netral
"@plagiariqme HaiğŸ§šğŸ»â€â™€ï¸ @sonianayxn open gestun all paylater fee start reg 8% instan 10% 

akulaku bisa dp talang
shopee gratis ongkir get cashback koin 5% - 7%
tokopedia get disc up to 500k

trustedğŸ¦© fast respond 24jamâ€¼ï¸ 
testi 5.000+ cek di pinnedğŸ“Œ

ğŸ’Œ wa : 085173020461","['Brands and Companies', 'Brands and Companies', 'A taxonomy of user interests. ', 'A taxonomy of user interests. ', 'A taxonomy of user interests. ', 'A taxonomy of user interests. ', 'for individual and types of technology, e.g., food technology, 3D printing']",plagiariqme hai sonianayxn open gestun all paylater fee start reg instan akulaku dp talangshopee gratis ongkir get cashback koin tokopedia get disc up to ktrusted fast respond jam testi cek pinned wa,positif
"@whosmercy1 HaiğŸ§šğŸ»â€â™€ï¸ @sonianayxn open gestun all paylater fee start reg 8% instan 10% 

akulaku bisa dp talang
shopee gratis ongkir get cashback koin 5% - 7%
tokopedia get disc up to 500k

trustedğŸ¦© fast respond 24jamâ€¼ï¸ 
testi 5.000+ cek di pinnedğŸ“Œ

ğŸ’Œ wa : 085173020461","['Brands and Companies', 'Brands and Companies', 'A taxonomy of user interests. ', 'A taxonomy of user interests. ', 'A taxonomy of user interests. ', 'A taxonomy of user interests. ', 'for individual and types of technology, e.g., food technology, 3D printing']",whosmercy hai sonianayxn open gestun all paylater fee start reg instan akulaku dp talangshopee gratis ongkir get cashback koin tokopedia get disc up to ktrusted fast respond jam testi cek pinned wa,positif
"@on_urdream HaiğŸ§šğŸ»â€â™€ï¸ @sonianayxn open gestun all paylater fee start reg 8% instan 10% 

akulaku bisa dp talang
shopee gratis ongkir get cashback koin 5% - 7%
tokopedia get disc up to 500k

trustedğŸ¦© fast respond 24jamâ€¼ï¸ 
testi 5.000+ cek di pinnedğŸ“Œ

ğŸ’Œ wa : 085173020461","['Brands and Companies', 'Brands and Companies', 'A taxonomy of user interests. ', 'A taxonomy of user interests. ', 'A taxonomy of user interests. ', 'A taxonomy of user interests. ', 'for individual and types of technology, e.g., food technology, 3D printing']",onurdream hai sonianayxn open gestun all paylater fee start reg instan akulaku dp talangshopee gratis ongkir get cashback koin tokopedia get disc up to ktrusted fast respond jam testi cek pinned wa,positif
"@gopayindonesia @tokopedia limit sampai 15 juta
#SemuaJadiRingan #GoPayLaterCicil","['Brands and Companies', 'A taxonomy of user interests. ', 'A taxonomy of user interests. ', 'A taxonomy of user interests. ', 'for individual and types of technology, e.g., food technology, 3D printing']",gopayindonesia tokopedia limit jutasemuajadiringan gopaylatercicil,netral
@ohmybeautybank Berdasarkan #DataCompas brand Treatment Rambut terlaris di Shopee &amp; Tokopedia (official store) pada akhir Desember 2022 adalah @MKZ_HairEnergy ğŸ˜ Makarizo bahkan sukses ngalahin Lâ€™OrÃ©al &amp; Unilever!,"['Top level entities that describe a Brands industry', 'Entity Service top level domain, every item that is in Entity Service should be in this domain', 'Categories within Brand Verticals that narrow down the scope of Brands', 'Brands and Companies', 'Brands and Companies', 'Top level interests and hobbies groupings, like Food or Travel', 'A taxonomy of user interests. ', 'A taxonomy of user interests. ', 'A taxonomy of user interests. ', 'A taxonomy of user interests. ', 'A taxonomy of user interests. ', 'for individual and types of technology, e.g., food technology, 3D printing', 'Top level entities that describe a Brands industry', 'Entity Service top level domain, every item that is in Entity Service should be in this domain', 'Entity Service top level domain, every item that is in Entity Service should be in this domain', 'Brands and Companies']",ohmybeautybank dasar datacompas brand treatment rambut laris shopee amp tokopedia official store desember mkzhairenergy makarizo sukses ngalahin l or al amp unilever,positif
"@ohmybeautybank Kalau berdasarkan #DataCompas , top brand skincare wajah Korea terlaris di Shopee &amp; Tokopedia (official store) di 16-31 Desember 2022 adalah Some by Mi!ğŸ‘€","['Brands and Companies', 'A taxonomy of user interests. ', 'A taxonomy of user interests. ', 'A taxonomy of user interests. ', 'for individual and types of technology, e.g., food technology, 3D printing']",ohmybeautybank dasar datacompas top brand skincare wajah korea laris shopee amp tokopedia official store desember some by mi,netral
@yasidfaqihudin Tokopedia ada ga,"['Brands and Companies', 'A taxonomy of user interests. ', 'A taxonomy of user interests. ', 'A taxonomy of user interests. ', 'for individual and types of technology, e.g., food technology, 3D printing']",yasidfaqihudin tokopedia ga,netral
"@gopayindonesia @tokopedia jawaban adalah 15 juta krna satu hape 9Ã·3= 3 juta,laptop adalah 13-3=10 lalu dibagi 2 maka 1 laptop 5,maka 1 hp Ã— 1 laptop sama dengam 15 juta #SemuaJadiRingan #GoPayLaterCicil","['Brands and Companies', 'A taxonomy of user interests. ', 'A taxonomy of user interests. ', 'A taxonomy of user interests. ', 'for individual and types of technology, e.g., food technology, 3D printing']",gopayindonesia tokopedia juta krna hape jutalaptop bagi laptop hp laptop dengam juta semuajadiringan gopaylatercicil,netral
"@gopayindonesia @tokopedia 15 dong 

Pakai GoPay, bayar kebutuhan apa aja lebih aman, mudah, dan hemat di mana-mana.

#SemuaJadiRingan #GoPayLaterCicil","['Brands and Companies', 'A taxonomy of user interests. ', 'A taxonomy of user interests. ', 'A taxonomy of user interests. ', 'for individual and types of technology, e.g., food technology, 3D printing']",gopayindonesia tokopedia pakai gopay bayar butuh aja aman mudah hemat manamanasemuajadiringan gopaylatercicil,positif
@gopayindonesia @tokopedia Sampai dengan 15 juta....,"['Brands and Companies', 'A taxonomy of user interests. ', 'A taxonomy of user interests. ', 'A taxonomy of user interests. ', 'for individual and types of technology, e.g., food technology, 3D printing']",gopayindonesia tokopedia juta,netral
"@gopayindonesia @tokopedia 15 Juta
#SemuaJadiRingan #GoPayLaterCicil","['Brands and Companies', 'A taxonomy of user interests. ', 'A taxonomy of user interests. ', 'A taxonomy of user interests. ', 'for individual and types of technology, e.g., food technology, 3D printing']",gopayindonesia tokopedia jutasemuajadiringan gopaylatercicil,netral
"@indomilkmilo HaiğŸ§šğŸ»â€â™€ï¸ @sonianayxn open gestun all paylater fee start reg 8% instan 10% 

akulaku bisa dp talang
shopee gratis ongkir get cashback koin 5% - 7%
tokopedia get disc up to 500k

trustedğŸ¦© fast respond 24jamâ€¼ï¸ 
testi 5.000+ cek di pinnedğŸ“Œ

ğŸ’Œ wa : 085173020461","['Brands and Companies', 'Brands and Companies', 'A taxonomy of user interests. ', 'A taxonomy of user interests. ', 'A taxonomy of user interests. ', 'A taxonomy of user interests. ', 'for individual and types of technology, e.g., food technology, 3D printing']",indomilkmilo hai sonianayxn open gestun all paylater fee start reg instan akulaku dp talangshopee gratis ongkir get cashback koin tokopedia get disc up to ktrusted fast respond jam testi cek pinned wa,positif
"@leejaaeehyun HaiğŸ§šğŸ»â€â™€ï¸ @sonianayxn open gestun all paylater fee start reg 8% instan 10% 

akulaku bisa dp talang
shopee gratis ongkir get cashback koin 5% - 7%
tokopedia get disc up to 500k

trustedğŸ¦© fast respond 24jamâ€¼ï¸ 
testi 5.000+ cek di pinnedğŸ“Œ

ğŸ’Œ wa : 085173020461","['Brands and Companies', 'Brands and Companies', 'A taxonomy of user interests. ', 'A taxonomy of user interests. ', 'A taxonomy of user interests. ', 'A taxonomy of user interests. ', 'for individual and types of technology, e.g., food technology, 3D printing']",leejaaeehyun hai sonianayxn open gestun all paylater fee start reg instan akulaku dp talangshopee gratis ongkir get cashback koin tokopedia get disc up to ktrusted fast respond jam testi cek pinned wa,positif
"@18fesss aplikasi hijau tokopedia kah, tu body mksudnya sparepart mio kan","['Brands and Companies', 'A taxonomy of user interests. ', 'A taxonomy of user interests. ', 'A taxonomy of user interests. ', 'for individual and types of technology, e.g., food technology, 3D printing']",fesss aplikasi hijau tokopedia kah tu body mksudnya sparepart mio,netral
Tokopedia âŒ,"['Brands and Companies', 'A taxonomy of user interests. ', 'A taxonomy of user interests. ', 'A taxonomy of user interests. ', 'for individual and types of technology, e.g., food technology, 3D printing']",tokopedia,netral
"@gopayindonesia @tokopedia Analaogi
HP satuannya jadi 3
Laptop satuannya 5
apabila hp * laptop
maka 3 * 5 = 15

15 adalah kata kunci yg menunjukan bahwa lomit gopay later cicil s.d 15 juta* 

#SemuaJadiRingan
#GoPayLaterCicil","['Brands and Companies', 'A taxonomy of user interests. ', 'A taxonomy of user interests. ', 'A taxonomy of user interests. ', 'for individual and types of technology, e.g., food technology, 3D printing']",gopayindonesia tokopedia analaogihp satu laptop satu hp laptopmaka kunci yg tunjuk lomit gopay later cicil sd juta semuajadiringangopaylatercicil,netral
"@slytherinboyy HaiğŸ§šğŸ»â€â™€ï¸ @sonianayxn open gestun all paylater fee start reg 8% instan 10% 

akulaku bisa dp talang
shopee gratis ongkir get cashback koin 5% - 7%
tokopedia get disc up to 500k

trustedğŸ¦© fast respond 24jamâ€¼ï¸ 
testi 5.000+ cek di pinnedğŸ“Œ

ğŸ’Œ wa : 085173020461","['Brands and Companies', 'Brands and Companies', 'A taxonomy of user interests. ', 'A taxonomy of user interests. ', 'A taxonomy of user interests. ', 'A taxonomy of user interests. ', 'for individual and types of technology, e.g., food technology, 3D printing']",slytherinboyy hai sonianayxn open gestun all paylater fee start reg instan akulaku dp talangshopee gratis ongkir get cashback koin tokopedia get disc up to ktrusted fast respond jam testi cek pinned wa,positif
"â­• dom surabaya
â­• dp sekitar 50-70% (via bca, seabank, spay, gopay, dana)
â­• ready tokopedia free ongkir untuk pelunasan (tambah admin 9%) + kirim nanti

note: harga yg aku cantumin belum pasti fix ya, karena nunggu kabar dari GO ğŸ˜‰","['Brands and Companies', 'A taxonomy of user interests. ', 'A taxonomy of user interests. ', 'A taxonomy of user interests. ', 'for individual and types of technology, e.g., food technology, 3D printing']",dom surabaya dp via bca seabank spay gopay dana ready tokopedia free ongkir lunas admin kirim nantinote harga yg cantumin fix ya nunggu kabar go,positif
"@ShopeeID @tokopedia @ShopeeID cs kamu cepet, tapi tim investigasi kamu lama. Aku merasa buyer yang beli produk saya adalah pelaku penipuan karena sangat aneh. Apalagi usernya berantakan, alamtnya jg sekolah bukan rumah. Dibandu yes","['Brands and Companies', 'Brands and Companies', 'A taxonomy of user interests. ', 'A taxonomy of user interests. ', 'A taxonomy of user interests. ', 'A taxonomy of user interests. ', 'for individual and types of technology, e.g., food technology, 3D printing']",shopeeid tokopedia shopeeid cs cepet tim investigasi buyer beli produk laku tipu aneh usernya beranta alamtnya jg sekolah rumah bandu yes,negatif
"@JNEcare Pesanan tokopedia saya belum tiba dan di trackernya hanya on process JNE. Mustinya pesanan tiba hari ini, karena saya butuh besok pagi. Bisa dibantu kah? Saya bisa ambil ke counter JNE kalau perlu. Tks","['Brands and Companies', 'Brands and Companies', 'A taxonomy of user interests. ', 'A taxonomy of user interests. ', 'A taxonomy of user interests. ', 'for individual and types of technology, e.g., food technology, 3D printing']",jnecare pesan tokopedia trackernya on process jne mustinya pesan butuh besok pagi bantu kah ambil counter jne tks,positif
"@ShopeeID Aku udah ke cs 5 kali kak, tolong bales dong. Tim investigasi jangan lelet. Tim investigasi @tokopedia aja bisa cepat balasnya. Shopee kamu mau butuh bukti ap lagi? Aku akan kirimkan kalau produk yang aku kirim ke buyer adalah kualitas bagus dan sesuai dengan deskripsi","['Brands and Companies', 'Brands and Companies', 'A taxonomy of user interests. ', 'A taxonomy of user interests. ', 'A taxonomy of user interests. ', 'A taxonomy of user interests. ', 'for individual and types of technology, e.g., food technology, 3D printing']",shopeeid udah cs kali kak tolong bales tim investigasi lelet tim investigasi tokopedia aja cepat balas shopee butuh bukti ap kirim produk kirim buyer kualitas bagus sesuai deskripsi,positif
"WTS
Tiket EXO SC, CAT 1 jual rugi 1,8/tiket
Sisa 2 tiket ROW i
Mau di urusin sampe tiket fisik bisa nanti lewat jasa tuker tiket
Mau rekber tokopedia/shopee juga boleh
#EXOSC_BackToBack #EXOSCFANCONINJAKARTA #EXOSCInJKT","['Categories within Brand Verticals that narrow down the scope of Brands', 'Brands and Companies', 'A taxonomy of user interests. ', 'A taxonomy of user interests. ', 'A taxonomy of user interests. ', 'for individual and types of technology, e.g., food technology, 3D printing', 'Named people in the world like Nelson Mandela', 'A musician in the world, like Adele or Bob Dylan', 'A category for a musical style, like Pop, Rock, or Rap', 'A taxonomy of user interests. ', 'A taxonomy of user interests. ', 'A taxonomy of user interests. ']",wtstiket exo sc cat jual rugi tiketsisa tiket row imau urusin sampe tiket fisik jasa tuker tiketmau rekber tokopediashopee bolehexoscbacktoback exoscfanconinjakarta exoscinjkt,negatif
@gopayindonesia @tokopedia Limit GoPayLater Cicil s.d 15 Juta #SemuaJadiRingan #GoPayLaterCicil,"['Brands and Companies', 'A taxonomy of user interests. ', 'A taxonomy of user interests. ', 'A taxonomy of user interests. ', 'for individual and types of technology, e.g., food technology, 3D printing']",gopayindonesia tokopedia limit gopaylater cicil sd juta semuajadiringan gopaylatercicil,netral
"Ebook sama beberapa sample jawaban dan tips. Untuk pembayaran dan pengiriman bisa diobrolkan, aku open for transfer dan third app such as Tokopedia (preferred).","['Categories within Brand Verticals that narrow down the scope of Brands', 'Brands and Companies', 'A taxonomy of user interests. ', 'A taxonomy of user interests. ', 'A taxonomy of user interests. ', 'A taxonomy of user interests. ', 'for individual and types of technology, e.g., food technology, 3D printing', 'A product taxonomy for labeling categories of products. ']",ebook sample tips bayar kirim obrol open for transfer third app such as tokopedia preferred,netral
"@tokopedia Haha oke nabung dulu kalo gtu, keranjangin biar ga di ambil orang mintoğŸ˜„","['Brands and Companies', 'A taxonomy of user interests. ', 'A taxonomy of user interests. ', 'A taxonomy of user interests. ', 'for individual and types of technology, e.g., food technology, 3D printing']",tokopedia haha oke nabung kalo gtu keranjangin biar ga ambil orang minto,netral
wtb voc gratong shopee atau tokped tokopedia yang minbel 0 potongannya full 9k ada gak yaa  ğŸ˜”ğŸ˜” #zonauang,"['Brands and Companies', 'A taxonomy of user interests. ', 'A taxonomy of user interests. ', 'A taxonomy of user interests. ', 'for individual and types of technology, e.g., food technology, 3D printing']",wtb voc gratong shopee tokped tokopedia minbel potong full k yaa zonauang,netral
"@tokopedia Gk pernah pake earphone, sakit di kupingkuğŸ˜‚","['Brands and Companies', 'A taxonomy of user interests. ', 'A taxonomy of user interests. ', 'A taxonomy of user interests. ', 'for individual and types of technology, e.g., food technology, 3D printing']",tokopedia pake earphone sakit kuping,negatif
Beli gadget baru di Tokopedia pakai Indodana Paylater dan nikmati diskon sampai 1 jt! Ditambah kamu bisa bayar belakangan! Yuk download sekarang!,"['Brands and Companies', 'A taxonomy of user interests. ', 'A taxonomy of user interests. ', 'A taxonomy of user interests. ', 'for individual and types of technology, e.g., food technology, 3D printing']",beli gadget tokopedia pakai indodana paylater nikmat diskon jt tambah bayar yuk download,positif
Random banget beli kemoceng aja pake ke tokopedia segala,"['Brands and Companies', 'A taxonomy of user interests. ', 'A taxonomy of user interests. ', 'A taxonomy of user interests. ', 'for individual and types of technology, e.g., food technology, 3D printing']",random banget beli kemoceng aja pake tokopedia,netral
"Mama aku tiba tiba liat spanduk tokopedia ""ini.. em ini jimin"" aku bilek hah ko tau? Trus blio bilang ""iya mama suka bts anaknya lucu yg mama suka jin sm jungkook yg nyanyi qatar"" ow syid mama aku army ğŸ’€","['Named people in the world like Nelson Mandela', 'Named people in the world like Nelson Mandela', 'Categories within Brand Verticals that narrow down the scope of Brands', 'Brands and Companies', 'A musician in the world, like Adele or Bob Dylan', 'A musician in the world, like Adele or Bob Dylan', 'A category for a musical style, like Pop, Rock, or Rap', 'A taxonomy of user interests. ', 'A taxonomy of user interests. ', 'A taxonomy of user interests. ', 'A taxonomy of user interests. ', 'A taxonomy of user interests. ', 'A taxonomy of user interests. ', 'A taxonomy of user interests. ', 'A taxonomy of user interests. ', 'A taxonomy of user interests. ', ""A viral fan community like 'Lovatics' (fans of Demi Lovato)"", 'for individual and types of technology, e.g., food technology, 3D printing', 'Named people in the world like Nelson Mandela', 'Named people in the world like Nelson Mandela', 'Named people in the world like Nelson Mandela', 'A musician in the world, like Adele or Bob Dylan', 'A musician in the world, like Adele or Bob Dylan', 'A musician in the world, like Adele or Bob Dylan', 'A category for a musical style, like Pop, Rock, or Rap', 'A taxonomy of user interests. ', 'A taxonomy of user interests. ', 'A taxonomy of user interests. ', 'A taxonomy of user interests. ', 'A taxonomy of user interests. ']",mama liat spanduk tokopedia em jimin bilek hah ko tau trus blio bilang iya mama suka bts anak lucu yg mama suka jin sm jungkook yg nyanyi qatar ow syid mama army,positif
@tokopedia Vanny vabiola..disini dibatas kota ini ğŸ˜‚,"['Brands and Companies', 'A taxonomy of user interests. ', 'A taxonomy of user interests. ', 'A taxonomy of user interests. ', 'for individual and types of technology, e.g., food technology, 3D printing']",tokopedia vanny vabioladisini batas kota,netral
"@AzarineCosmetic @tokopedia Min, berarti ini varian baru plus moisturizer ya? Harga 35k itu untuk brp ml?","['Categories within Brand Verticals that narrow down the scope of Brands', 'Brands and Companies', 'A taxonomy of user interests. ', 'A taxonomy of user interests. ', 'A taxonomy of user interests. ', 'for individual and types of technology, e.g., food technology, 3D printing', 'Top level interests and hobbies groupings, like Food or Travel', 'A grouping of interests and hobbies entities, like Novelty Food or Destinations', 'Interests, opinions, and behaviors of individuals, groups, or cultures; like Speciality Cooking or Theme Parks', 'A taxonomy of user interests. ']",azarinecosmetic tokopedia min varian plus moisturizer ya harga k brp ml,netral
"@xjytbaobei HaiğŸ§šğŸ»â€â™€ï¸ @sonianayxn open gestun all paylater fee start reg 8% instan 10% 

akulaku bisa dp talang
shopee gratis ongkir get cashback koin 5% - 7%
tokopedia get disc up to 500k

trustedğŸ¦© fast respond 24jamâ€¼ï¸ 
testi 5.000+ cek di pinnedğŸ“Œ

ğŸ’Œ wa : 085173020461","['Brands and Companies', 'Brands and Companies', 'A taxonomy of user interests. ', 'A taxonomy of user interests. ', 'A taxonomy of user interests. ', 'A taxonomy of user interests. ', 'for individual and types of technology, e.g., food technology, 3D printing']",xjytbaobei hai sonianayxn open gestun all paylater fee start reg instan akulaku dp talangshopee gratis ongkir get cashback koin tokopedia get disc up to ktrusted fast respond jam testi cek pinned wa,positif
"@calaeberry HaiğŸ§šğŸ»â€â™€ï¸ @sonianayxn open gestun all paylater fee start reg 8% instan 10% 

akulaku bisa dp talang
shopee gratis ongkir get cashback koin 5% - 7%
tokopedia get disc up to 500k

trustedğŸ¦© fast respond 24jamâ€¼ï¸ 
testi 5.000+ cek di pinnedğŸ“Œ

ğŸ’Œ wa : 085173020461","['Brands and Companies', 'Brands and Companies', 'A taxonomy of user interests. ', 'A taxonomy of user interests. ', 'A taxonomy of user interests. ', 'A taxonomy of user interests. ', 'for individual and types of technology, e.g., food technology, 3D printing']",calaeberry hai sonianayxn open gestun all paylater fee start reg instan akulaku dp talangshopee gratis ongkir get cashback koin tokopedia get disc up to ktrusted fast respond jam testi cek pinned wa,positif
"@jodohhaechan01 HaiğŸ§šğŸ»â€â™€ï¸ @sonianayxn open gestun all paylater fee start reg 8% instan 10% 

akulaku bisa dp talang
shopee gratis ongkir get cashback koin 5% - 7%
tokopedia get disc up to 500k

trustedğŸ¦© fast respond 24jamâ€¼ï¸ 
testi 5.000+ cek di pinnedğŸ“Œ

ğŸ’Œ wa : 085173020461","['Brands and Companies', 'Brands and Companies', 'A taxonomy of user interests. ', 'A taxonomy of user interests. ', 'A taxonomy of user interests. ', 'A taxonomy of user interests. ', 'for individual and types of technology, e.g., food technology, 3D printing']",jodohhaechan hai sonianayxn open gestun all paylater fee start reg instan akulaku dp talangshopee gratis ongkir get cashback koin tokopedia get disc up to ktrusted fast respond jam testi cek pinned wa,positif
"@moonbellie HaiğŸ§šğŸ»â€â™€ï¸ @sonianayxn open gestun all paylater fee start reg 8% instan 10% 

akulaku bisa dp talang
shopee gratis ongkir get cashback koin 5% - 7%
tokopedia get disc up to 500k

trustedğŸ¦© fast respond 24jamâ€¼ï¸ 
testi 5.000+ cek di pinnedğŸ“Œ

ğŸ’Œ wa : 085173020461","['Brands and Companies', 'Brands and Companies', 'A taxonomy of user interests. ', 'A taxonomy of user interests. ', 'A taxonomy of user interests. ', 'A taxonomy of user interests. ', 'for individual and types of technology, e.g., food technology, 3D printing']",moonbellie hai sonianayxn open gestun all paylater fee start reg instan akulaku dp talangshopee gratis ongkir get cashback koin tokopedia get disc up to ktrusted fast respond jam testi cek pinned wa,positif
Ivvala Indonesian company Tokopedia employee ni kalisa Gojek &amp; Tokopedia merged but Tokopedia operations Noida &amp; Hyd based ga running it seems sir @sivasuryatej..,"['Brands and Companies', 'Brands and Companies', 'A taxonomy of user interests. ', 'A taxonomy of user interests. ', 'A taxonomy of user interests. ', 'A taxonomy of user interests. ', 'for individual and types of technology, e.g., food technology, 3D printing']",ivvala indonesian company tokopedia employee ni kalisa gojek amp tokopedia merged but tokopedia operations noida amp hyd based ga running it seems sir sivasuryatej,netral
"@chipuyyyyyyy HaiğŸ§šğŸ»â€â™€ï¸ @sonianayxn open gestun all paylater fee start reg 8% instan 10% 

akulaku bisa dp talang
shopee gratis ongkir get cashback koin 5% - 7%
tokopedia get disc up to 500k

trustedğŸ¦© fast respond 24jamâ€¼ï¸ 
testi 5.000+ cek di pinnedğŸ“Œ

ğŸ’Œ wa : 085173020461","['Brands and Companies', 'Brands and Companies', 'A taxonomy of user interests. ', 'A taxonomy of user interests. ', 'A taxonomy of user interests. ', 'A taxonomy of user interests. ', 'for individual and types of technology, e.g., food technology, 3D printing']",chipuyyyyyyy hai sonianayxn open gestun all paylater fee start reg instan akulaku dp talangshopee gratis ongkir get cashback koin tokopedia get disc up to ktrusted fast respond jam testi cek pinned wa,positif
@offisyelstore tokopedia,"['Brands and Companies', 'A taxonomy of user interests. ', 'A taxonomy of user interests. ', 'A taxonomy of user interests. ', 'for individual and types of technology, e.g., food technology, 3D printing']",offisyelstore tokopedia,netral
@MrsDhi Di tanah abang mba. Udh lama bgt jaman blm ada tokopedia atau shopeeğŸ˜­ğŸ˜­ğŸ˜­,"['Brands and Companies', 'A taxonomy of user interests. ', 'A taxonomy of user interests. ', 'A taxonomy of user interests. ', 'for individual and types of technology, e.g., food technology, 3D printing']",mrsdhi tanah abang mba udh bgt jaman blm tokopedia shopee,netral
Belanja di Tokopedia jadi makin mudah dan hemat karena bayarnya pakai Indodana Paylater! Download sekarang!,"['Brands and Companies', 'A taxonomy of user interests. ', 'A taxonomy of user interests. ', 'A taxonomy of user interests. ', 'for individual and types of technology, e.g., food technology, 3D printing']",belanja tokopedia mudah hemat bayar pakai indodana paylater download,positif
@trash_url @18fesss tokopedia keanya,"['Brands and Companies', 'A taxonomy of user interests. ', 'A taxonomy of user interests. ', 'A taxonomy of user interests. ', 'for individual and types of technology, e.g., food technology, 3D printing']",trashurl fesss tokopedia keanya,netral
"Yang need jastip jasa nitip titip barang atau jasa co shopee tokped tokopedia toko oren ijo, naikin rating toko bisa DM ya. Avail buat event besok 25.1","['Brands and Companies', 'A taxonomy of user interests. ', 'A taxonomy of user interests. ', 'A taxonomy of user interests. ', 'for individual and types of technology, e.g., food technology, 3D printing']",need jastip jasa nitip titip barang jasa co shopee tokped tokopedia toko oren ijo naikin rating toko dm ya avail event besok,netral
@oveurnoira Tokopedia ada garansi gak,"['Brands and Companies', 'A taxonomy of user interests. ', 'A taxonomy of user interests. ', 'A taxonomy of user interests. ', 'for individual and types of technology, e.g., food technology, 3D printing']",oveurnoira tokopedia garansi,netral
"@tokopedia ""Harus punya OPP Reno8 T"" karena mau ngasih adek hp belum ada rezekinya, bismillah semoga ada rezekinya disini
#Reno8TdiTokopedia","['Brands and Companies', 'A taxonomy of user interests. ', 'A taxonomy of user interests. ', 'A taxonomy of user interests. ', 'for individual and types of technology, e.g., food technology, 3D printing']",tokopedia opp reno t ngasih adek hp rezeki bismillah moga rezeki disinirenotditokopedia,positif
@loxstangels Tokopedia,"['Brands and Companies', 'A taxonomy of user interests. ', 'A taxonomy of user interests. ', 'A taxonomy of user interests. ', 'for individual and types of technology, e.g., food technology, 3D printing']",loxstangels tokopedia,netral
"Open Gestun limit paylater :
ğŸ›’ kredivo, indodana, Homecredit, BRI Ceria,traveloka VN,credit Card,gopayLater/cicil, dan tokopedia card
ğŸ›’ Akulaku, Bukalapak
ğŸ›’ Spaylater 

ğŸ’Œ Co via tokped bisa apply voucher cashback &amp; diskon barang
#zonauang 6","['Brands and Companies', 'Brands and Companies', 'Brands and Companies', 'Brands and Companies', 'A grouping of interests and hobbies entities, like Novelty Food or Destinations', 'A taxonomy of user interests. ', 'A taxonomy of user interests. ', 'A taxonomy of user interests. ', 'for individual and types of technology, e.g., food technology, 3D printing']",open gestun limit paylater kredivo indodana homecredit bri ceriatraveloka vncredit cardgopaylatercicil tokopedia card akulaku bukalapak spaylater co via tokped apply voucher cashback amp diskon barangzonauang,netral
"@tokopedia Tolong ini udah beli token listrik, udah bayar juga, tapi belum tuntas tuntas transaksi nya wei. Buruan.","['Brands and Companies', 'A taxonomy of user interests. ', 'A taxonomy of user interests. ', 'A taxonomy of user interests. ', 'for individual and types of technology, e.g., food technology, 3D printing']",tokopedia tolong udah beli token listrik udah bayar tuntas tuntas transaksi nya wei buru,positif
@gunawan7811 @tokopedia Itu aku jualan taun lalu baru mau aku kirim skrng ternyata dapetnya si cepat. Dulu kan blm bisa di non aktifin,"['Brands and Companies', 'A taxonomy of user interests. ', 'A taxonomy of user interests. ', 'A taxonomy of user interests. ', 'for individual and types of technology, e.g., food technology, 3D printing']",gunawan tokopedia jual taun kirim skrng dapetnya si cepat blm non aktifin,positif
"yang sering belanja nominal gede di tokopedia boleh dong reply, aku mau ajak partnership (comission), bisa dm aku yaa yang berminat!","['Brands and Companies', 'A taxonomy of user interests. ', 'A taxonomy of user interests. ', 'A taxonomy of user interests. ', 'for individual and types of technology, e.g., food technology, 3D printing']",belanja nominal gede tokopedia reply ajak partnership comission dm yaa minat,netral
"@cbcscbselling @tokopedia Maaf kak, bukannya tinggal offkan saja sicepatnya. Apakah skrg tdk bisa??","['Brands and Companies', 'A taxonomy of user interests. ', 'A taxonomy of user interests. ', 'A taxonomy of user interests. ', 'for individual and types of technology, e.g., food technology, 3D printing']",cbcscbselling tokopedia maaf kak tinggal offkan sicepatnya skrg tdk,positif
"Sorry ulang, mau gestun tokopedia later via kredivo yg bisa pake voc cashback dan gratis ongkir ya kak. Butuh urgent, jdi yang fsr ya! #zonauang #zonajajan","['Brands and Companies', 'A taxonomy of user interests. ', 'A taxonomy of user interests. ', 'A taxonomy of user interests. ', 'for individual and types of technology, e.g., food technology, 3D printing']",sorry ulang gestun tokopedia later via kredivo yg pake voc cashback gratis ongkir ya kak butuh urgent jdi fsr ya zonauang zonajajan,netral
@TokopediaCare akhirnya teman teman seller mulai tumbang 1 per 1 di tokopedia (Lebih memilih CLOSED) @tokopedia,"['Brands and Companies', 'A taxonomy of user interests. ', 'A taxonomy of user interests. ', 'A taxonomy of user interests. ', 'for individual and types of technology, e.g., food technology, 3D printing']",tokopediacare teman teman seller tumbang tokopedia pilih closed tokopedia,negatif
@tokopedia Kalo menang aku buatin juga deh spesial buat MINTOOOğŸ¥ºğŸ’š,"['Brands and Companies', 'A taxonomy of user interests. ', 'A taxonomy of user interests. ', 'A taxonomy of user interests. ', 'for individual and types of technology, e.g., food technology, 3D printing']",tokopedia kalo menang buatin deh spesial mintooo,positif
Halo @tokopedia @TokopediaCare Please sinkornkan lagi sistem tracking resi paketnya saat pengiriman dengan perusahaan ekspedisi. Sekarang2 malah gak sinkron dengan di tokopedia dan web perusahaan ekspedisinya. dan butuh waktu lama buat dapetin update trackingnya di tokopedia,"['Top level entities that describe a Brands industry', 'Entity Service top level domain, every item that is in Entity Service should be in this domain', 'Categories within Brand Verticals that narrow down the scope of Brands', 'Brands and Companies', 'A video game like Overwatch', ""Franchises which span multiple forms of media like 'Harry Potter'"", 'A taxonomy of user interests. ', 'A taxonomy of user interests. ', 'A taxonomy of user interests. ', 'A taxonomy of user interests. ', 'A taxonomy of user interests. ', 'A taxonomy of user interests. ', 'for individual and types of technology, e.g., food technology, 3D printing']",halo tokopedia tokopediacare please sinkornkan sistem tracking resi paket kirim usaha ekspedisi sinkron tokopedia web usaha ekspedisi butuh dapetin update trackingnya tokopedia,netral
"ğŸ€ Open gestun instan @gestunbymoon gopaycicil hci homecredit bri ceria akulaku indodana kredivo adakami yup tokopedia lazada credit card cc, ada 800+ testi, GET CASHBACK ğŸ€ pencairan cairin tarik gesek tunai paylater topup top up #zonauang #zonabu #gestun .","['Brands and Companies', 'Brands and Companies', 'Brands and Companies', 'A grouping of interests and hobbies entities, like Novelty Food or Destinations', 'A taxonomy of user interests. ', 'A taxonomy of user interests. ', 'A taxonomy of user interests. ', 'A taxonomy of user interests. ', 'A taxonomy of user interests. ', 'for individual and types of technology, e.g., food technology, 3D printing']",open gestun instan gestunbymoon gopaycicil hci homecredit bri ceria akulaku indodana kredivo adakami yup tokopedia lazada credit card cc testi get cashback cair cairin tarik gesek tunai paylater topup top up zonauang zonabu gestun,positif
Wtb blackpink tokopedia toko ijo blackpink all member,"['Named people in the world like Nelson Mandela', 'Categories within Brand Verticals that narrow down the scope of Brands', 'Brands and Companies', 'A musician in the world, like Adele or Bob Dylan', 'A category for a musical style, like Pop, Rock, or Rap', 'A taxonomy of user interests. ', 'A taxonomy of user interests. ', 'A taxonomy of user interests. ', 'A taxonomy of user interests. ', 'A taxonomy of user interests. ', 'A taxonomy of user interests. ', 'for individual and types of technology, e.g., food technology, 3D printing']",wtb blackpink tokopedia toko ijo blackpink all member,netral
@cbcscbselling @tokopedia karna ga di pick up terus ya? ğŸ˜­,"['Brands and Companies', 'A taxonomy of user interests. ', 'A taxonomy of user interests. ', 'A taxonomy of user interests. ', 'for individual and types of technology, e.g., food technology, 3D printing']",cbcscbselling tokopedia karna ga pick up ya,netral
"ğŸ€ Open gestun instan gopaycicil hci homecredit bri ceria akulaku indodana kredivo adakami yup tokopedia lazada credit card cc, ada 800+ testi, GET CASHBACK, fee start 25k ğŸ€ pencairan cairin tarik gesek tunai paylater topup top up #zonauang #zonabu #gestun *","['Brands and Companies', 'Brands and Companies', 'Brands and Companies', 'A grouping of interests and hobbies entities, like Novelty Food or Destinations', 'A taxonomy of user interests. ', 'A taxonomy of user interests. ', 'A taxonomy of user interests. ', 'A taxonomy of user interests. ', 'A taxonomy of user interests. ', 'for individual and types of technology, e.g., food technology, 3D printing']",open gestun instan gopaycicil hci homecredit bri ceria akulaku indodana kredivo adakami yup tokopedia lazada credit card cc testi get cashback fee start k cair cairin tarik gesek tunai paylater topup top up zonauang zonabu gestun,positif
@lunarsbae @tokopedia Toko aku udah kena peringatan dari Tokopedia huhu ã… ,"['Brands and Companies', 'A taxonomy of user interests. ', 'A taxonomy of user interests. ', 'A taxonomy of user interests. ', 'for individual and types of technology, e.g., food technology, 3D printing']",lunarsbae tokopedia toko udah kena ingat tokopedia huhu,netral
@cbcscbselling @tokopedia emang sicepat jauh2 konternya sekarang...,"['Brands and Companies', 'A taxonomy of user interests. ', 'A taxonomy of user interests. ', 'A taxonomy of user interests. ', 'for individual and types of technology, e.g., food technology, 3D printing']",cbcscbselling tokopedia emang sicepat konter,negatif
"@tokopedia 4. baterai awet &amp; tahan lamağŸ”‹
5. design ciamik, pas banget sama tahun 2023 iniâ¤ï¸

Minto lirik aku yah, bakal berguna banget hp ini buat menunjang kuliah, kerja &amp; organisasi yg aku ikutinâœ¨ğŸ«¶

#Reno8TdiTokopedia","['Brands and Companies', 'A taxonomy of user interests. ', 'A taxonomy of user interests. ', 'A taxonomy of user interests. ', 'for individual and types of technology, e.g., food technology, 3D printing']",tokopedia baterai awet amp tahan lama design ciamik pas banget ini minto lirik yah guna banget hp tunjang kuliah kerja amp organisasi yg ikutin renotditokopedia,netral
"Jasa titip jualan/link co untuk hari ini masih avail yaa

â€¢ Fee jastip: 1.5k/resi
â€¢ Avail for: tokped (bebas ongkir) &amp; shopee (xtra)
â€¢ Payment after cek link
â€¢ Bisa cek ongkir dulu
â€¢ Hrs sudah ada buyer

#zonauang #zonajajan nitip dititipin tokopedia oren ijo gratong freeong","['Brands and Companies', 'A taxonomy of user interests. ', 'A taxonomy of user interests. ', 'A taxonomy of user interests. ', 'for individual and types of technology, e.g., food technology, 3D printing']",jasa titip jualanlink co avail yaa fee jastip kresi avail for tokped bebas ongkir amp shopee xtra payment after cek link cek ongkir dulu hrs buyerzonauang zonajajan nitip dititipin tokopedia oren ijo gratong freeong,netral
"Bukalapak &amp; Tokopedia : CCS MOTOR
Shopee : ccs.motor
#spareparts #spareparthonda #basecompantenna #baseantenna #honda #hondajazz #hondabrio #hondacivic #hondacivicindonesia #hondacity #hondamobilio #hondacrv #hondagrandindonesia #hondagrandcivic #hondamaestro #hondaoddysey","['Brands and Companies', 'Brands and Companies', 'A taxonomy of user interests. ', 'A taxonomy of user interests. ', 'A taxonomy of user interests. ', 'for individual and types of technology, e.g., food technology, 3D printing', 'Entity Service top level domain, every item that is in Entity Service should be in this domain', 'Brands and Companies', 'Products created by Brands.  Examples: Ford Explorer, Apple iPhone.', 'Products created by Brands.  Examples: Ford Explorer, Apple iPhone.', 'A grouping of interests and hobbies entities, like Novelty Food or Destinations', 'A taxonomy of user interests. ', 'A taxonomy of user interests. ']",bukalapak amp tokopedia ccs motorshopee ccsmotorspareparts spareparthonda basecompantenna baseantenna honda hondajazz hondabrio hondacivic hondacivicindonesia hondacity hondamobilio hondacrv hondagrandindonesia hondagrandcivic hondamaestro hondaoddysey,netral
"@tokopedia Udah ga bisa diajak kerjasama, minto ğŸ™‚","['Brands and Companies', 'A taxonomy of user interests. ', 'A taxonomy of user interests. ', 'A taxonomy of user interests. ', 'for individual and types of technology, e.g., food technology, 3D printing']",tokopedia udah ga ajak kerjasama minto,netral
"WTS
digipack candy jaemin sealed (no poster)
130.000 include packing dan admin (bisa pake tiktokshop, shopee, dan tokopedia)
ğŸ“bandar lampung / depok

wts jaemin candy nctdream digipack","['Categories within Brand Verticals that narrow down the scope of Brands', 'Brands and Companies', 'A taxonomy of user interests. ', 'A taxonomy of user interests. ', 'A taxonomy of user interests. ', 'for individual and types of technology, e.g., food technology, 3D printing', 'Named people in the world like Nelson Mandela', 'A musician in the world, like Adele or Bob Dylan', 'A category for a musical style, like Pop, Rock, or Rap', 'A taxonomy of user interests. ', 'A taxonomy of user interests. ', 'A taxonomy of user interests. ']",wtsdigipack candy jaemin sealed no poster include packing admin pake tiktokshop shopee tokopedia bandar lampung depokwts jaemin candy nctdream digipack,netral
@tokopedia MINTO TOLONG DONG GAUSHA KERJA SAMA SAMA SI CEPAT LAGI. UDAH BARANG GA DIAMBIL KONTER JAUH. NGERUSAK PERFORM TOKO ORG AJA ANJIR,"['Brands and Companies', 'A taxonomy of user interests. ', 'A taxonomy of user interests. ', 'A taxonomy of user interests. ', 'for individual and types of technology, e.g., food technology, 3D printing']",tokopedia minto tolong gausha kerja si cepat udah barang ga ambil konter ngerusak perform toko org aja anjir,positif
"Sumpah ya pengiriman buku yang gue beli dari Tokopedia Gramedia cepet bgt. Gue pesen Kamis, udah nyampe ke rumah gue besoknya. Ga expect bakal secepet itu. Udah mana banyak yg diskon wkwwk.","['Brands and Companies', 'A taxonomy of user interests. ', 'A taxonomy of user interests. ', 'A taxonomy of user interests. ', 'for individual and types of technology, e.g., food technology, 3D printing']",sumpah ya kirim buku beli tokopedia gramedia cepet bgt sen kamis udah nyampe rumah besok ga expect secepet udah yg diskon wkwwk,netral
@AltermuFess Tokopedia,"['Brands and Companies', 'A taxonomy of user interests. ', 'A taxonomy of user interests. ', 'A taxonomy of user interests. ', 'for individual and types of technology, e.g., food technology, 3D printing']",altermufess tokopedia,netral
"@NanaFernando007 @anteraja_id @antaraja @tokopedia @ShopeeID @akulakuID @bukalapak @YLKI_ID @Kemenperin_RI Setuju, sy sudah 3x kecewa dg @anteraja_id. Order tgl 18 sore pakai sameday, baru diterima tgl 24. Barang sudah percuma krn saya sdh beli dr toko lain dan diantar oleh jasa kurir lain yg profesional. Giliran dikomplein minta ganti uang baru barang dikirim. Sudah sangat telat.","['Brands and Companies', 'Brands and Companies', 'Brands and Companies', 'A taxonomy of user interests. ', 'A taxonomy of user interests. ', 'A taxonomy of user interests. ', 'A taxonomy of user interests. ', 'for individual and types of technology, e.g., food technology, 3D printing']",nanafernando anterajaid antaraja tokopedia shopeeid akulakuid bukalapak ylkiid kemenperinri tuju sy x kecewa dg anterajaid order tgl sore pakai sameday terima tgl barang krn sdh beli dr toko antar jasa kurir yg profesional gilir dikomplein ganti uang barang kirim telat,negatif
@tokopedia bagi voucher gratis ongkir yg banyak min ğŸ˜‹,"['Brands and Companies', 'A taxonomy of user interests. ', 'A taxonomy of user interests. ', 'A taxonomy of user interests. ', 'for individual and types of technology, e.g., food technology, 3D printing']",tokopedia voucher gratis ongkir yg min,positif
min @tokopedia solusi problem eror AK-LP23 nya dong tolong,"['Brands and Companies', 'A taxonomy of user interests. ', 'A taxonomy of user interests. ', 'A taxonomy of user interests. ', 'for individual and types of technology, e.g., food technology, 3D printing']",min tokopedia solusi problem eror aklp nya tolong,negatif
Beli Dep terlengkap harga murah Desember 2022 di Tokopedia $LUNR,"['Brands and Companies', 'A taxonomy of user interests. ', 'A taxonomy of user interests. ', 'A taxonomy of user interests. ', 'for individual and types of technology, e.g., food technology, 3D printing']",beli dep lengkap harga murah desember tokopedia lunr,positif
"@bankmandiri bisa tolong jelaskan kenapa menu top up emoney mandiri hilang dari market place (shopee, tokopedia, dll)? afaik, sekarang hanya tersedia di fasilitas milik bank mandiri.","['Brands and Companies', 'Brands and Companies', 'A taxonomy of user interests. ', 'A taxonomy of user interests. ', 'A taxonomy of user interests. ', 'A taxonomy of user interests. ', 'for individual and types of technology, e.g., food technology, 3D printing']",bankmandiri tolong menu top up emoney mandiri hilang market place shopee tokopedia dll afaik sedia fasilitas milik bank mandiri,positif
@ribkaaacs @torantula Tokopedia,"['Brands and Companies', 'A taxonomy of user interests. ', 'A taxonomy of user interests. ', 'A taxonomy of user interests. ', 'for individual and types of technology, e.g., food technology, 3D printing']",ribkaaacs torantula tokopedia,netral
@AkhenatenSon @akulahrahasiamu @PPKN_____ Tokopedia,"['Brands and Companies', 'A taxonomy of user interests. ', 'A taxonomy of user interests. ', 'A taxonomy of user interests. ', 'for individual and types of technology, e.g., food technology, 3D printing']",akhenatenson akulahrahasiamu ppkn tokopedia,netral
"@timetojaem Biasanya ada kek somethinc, tokopedia","['Top level entities that describe a Brands industry', 'Entity Service top level domain, every item that is in Entity Service should be in this domain', 'Brands and Companies', 'Brands and Companies', 'A taxonomy of user interests. ', 'A taxonomy of user interests. ', 'A taxonomy of user interests. ', 'for individual and types of technology, e.g., food technology, 3D printing']",timetojaem kek somethinc tokopedia,netral
"@AzarineCosmetic @tokopedia Aamiinn soalnya yg hydrasoothe udh cocok jg, harganya jg cocok bgt ğŸ˜ğŸ˜ğŸ˜ğŸ˜","['Brands and Companies', 'A taxonomy of user interests. ', 'A taxonomy of user interests. ', 'A taxonomy of user interests. ', 'for individual and types of technology, e.g., food technology, 3D printing']",azarinecosmetic tokopedia aamiinn yg hydrasoothe udh cocok jg harga jg cocok bgt,positif
@tokopedia Min bagi vocer free ongkir seumur hidup dong,"['Brands and Companies', 'A taxonomy of user interests. ', 'A taxonomy of user interests. ', 'A taxonomy of user interests. ', 'for individual and types of technology, e.g., food technology, 3D printing']",tokopedia min vocer free ongkir umur hidup,positif
"@ijaakuijaaa @tokopedia yeyyyy, semoga suka dan cocok yaahğŸ˜ğŸ«¶","['Brands and Companies', 'A taxonomy of user interests. ', 'A taxonomy of user interests. ', 'A taxonomy of user interests. ', 'for individual and types of technology, e.g., food technology, 3D printing']",ijaakuijaaa tokopedia yeyyyy moga suka cocok yaah,positif
@Novemberyun93 @tokopedia Semoga menang ya ğŸ‘,"['Brands and Companies', 'A taxonomy of user interests. ', 'A taxonomy of user interests. ', 'A taxonomy of user interests. ', 'for individual and types of technology, e.g., food technology, 3D printing']",novemberyun tokopedia moga menang ya,positif
@beacukaiRI @tokopedia @ShopeeID di toko online pun ada kalo itu merugikan negara berarti shopee dan tokopedia ini juga turut serta membantu penjualan barang illegal dan juga merugikan negara.. imbas lebih buruk kena ke remaja SMP jaman sekarang udh pada ngerokok gk etis penerus bangsa ini,"['Categories within Brand Verticals that narrow down the scope of Brands', 'Brands and Companies', 'Brands and Companies', 'A video game like Overwatch', 'A taxonomy of user interests. ', 'A taxonomy of user interests. ', 'A taxonomy of user interests. ', 'A taxonomy of user interests. ', 'A taxonomy of user interests. ', 'A taxonomy of user interests. ', 'A taxonomy of user interests. ', 'A taxonomy of user interests. ', 'A taxonomy of user interests. ', 'for individual and types of technology, e.g., food technology, 3D printing']",beacukairi tokopedia shopeeid toko online kalo rugi negara shopee tokopedia bantu jual barang illegal rugi negara imbas buruk kena remaja smp jaman udh ngerokok etis terus bangsa,negatif
@islamifal @tokopedia Loh kok bisa gitu ya? Entar ongkirnya ikut kota mana?,"['Brands and Companies', 'A taxonomy of user interests. ', 'A taxonomy of user interests. ', 'A taxonomy of user interests. ', 'for individual and types of technology, e.g., food technology, 3D printing']",islamifal tokopedia loh gitu ya entar ongkirnya kota,netral
"@sicepat_ekspres Sangat disayangkan dan disesali order via @tokopedia diberikan/dapat kurir sitelat eh sicepat dari kemarin saja sampai hari ini belum dipick up, dan nanti pasti salah di Jakarta sortation 2 karena tidak profesional berturut-turut berkali-kali berbulan-bulan salah","['Brands and Companies', 'A taxonomy of user interests. ', 'A taxonomy of user interests. ', 'A taxonomy of user interests. ', 'for individual and types of technology, e.g., food technology, 3D printing']",sicepatekspres sayang sali order via tokopedia diberikandapat kurir sitelat eh sicepat kemarin dipick up salah jakarta sortation profesional berturutturut berkalikali berbulanbulan salah,netral
@tokopedia gantian jd leher yg sakit dong mintoğŸ˜‡ğŸ™ğŸ»,"['Brands and Companies', 'A taxonomy of user interests. ', 'A taxonomy of user interests. ', 'A taxonomy of user interests. ', 'for individual and types of technology, e.g., food technology, 3D printing']",tokopedia ganti jd leher yg sakit minto,negatif
@arTutor @tokopedia @danawallet @jokowi @bankmandiri @KemenBUMN Kalau punya rekening BCA pindah ke FLAZZ BCA aja lebih mudah dan lebih stabil aplikasinya daripada Livin,"['Named people in the world like Nelson Mandela', 'Politicians in the world, like Joe Biden', 'Brands and Companies', 'Brands and Companies', 'A section of a government, like The Supreme Court', 'A taxonomy of user interests. ', 'A taxonomy of user interests. ', 'A taxonomy of user interests. ', 'A taxonomy of user interests. ', 'A taxonomy of user interests. ', 'A taxonomy of user interests. ', 'A taxonomy of user interests. ', 'A taxonomy of user interests. ', 'for individual and types of technology, e.g., food technology, 3D printing']",artutor tokopedia danawallet jokowi bankmandiri kemenbumn rekening bca pindah flazz bca aja mudah stabil aplikasi livin,positif
@TokopediaCare kak... Tolong di bantu batalkan secara otomatis transaksi saya di tokopedia karena dari hari minggu sampe hari ini statusnya MENUNGGU KONFIRMASI dari penjual... Letih,"['Brands and Companies', 'A taxonomy of user interests. ', 'A taxonomy of user interests. ', 'A taxonomy of user interests. ', 'for individual and types of technology, e.g., food technology, 3D printing']",tokopediacare kak tolong bantu batal otomatis transaksi tokopedia minggu sampe status tunggu konfirmasi jual letih,netral
"@bankmandiri min, ini isi saldo emoney sampe kapan ya dipersulit (hanya bisa lewat app mandiri)? Apa solusinya ganti kartu ke yg lain aja krna ribet gak bisa lewat tokopedia atau shopee????","['Brands and Companies', 'Brands and Companies', 'A taxonomy of user interests. ', 'A taxonomy of user interests. ', 'A taxonomy of user interests. ', 'A taxonomy of user interests. ', 'for individual and types of technology, e.g., food technology, 3D printing']",bankmandiri min isi saldo emoney sampe ya sulit app mandiri solusi ganti kartu yg aja krna ribet tokopedia shopee,netral
@TokopediaCare Bisa balas dm saya mas mba Tokopedia care?,"['Brands and Companies', 'A taxonomy of user interests. ', 'A taxonomy of user interests. ', 'A taxonomy of user interests. ', 'for individual and types of technology, e.g., food technology, 3D printing']",tokopediacare balas dm mas mba tokopedia care,negatif
@tokopedia kak... Tolang di bantu batalkan secara otomatis transaksi saya di tokopedia. Karena dari hari minggu keterangan MENUNGGU KONFIRMASI dari penjual ğŸ™ğŸ™ğŸ™,"['Brands and Companies', 'A taxonomy of user interests. ', 'A taxonomy of user interests. ', 'A taxonomy of user interests. ', 'for individual and types of technology, e.g., food technology, 3D printing']",tokopedia kak tolang bantu batal otomatis transaksi tokopedia minggu terang tunggu konfirmasi jual,positif
"@tokopedia gak papa min henpon aja, seenggaknya bisa bikin hepi ğŸ‘ğŸ»","['Brands and Companies', 'A taxonomy of user interests. ', 'A taxonomy of user interests. ', 'A taxonomy of user interests. ', 'for individual and types of technology, e.g., food technology, 3D printing']",tokopedia papa min henpon aja enggak bikin hepi,netral
@tokopedia lihat tanggal ny min saya ngirim duluan minğŸ˜”ğŸ’ª,"['Brands and Companies', 'A taxonomy of user interests. ', 'A taxonomy of user interests. ', 'A taxonomy of user interests. ', 'for individual and types of technology, e.g., food technology, 3D printing']",tokopedia lihat tanggal ny min ngirim duluan min,netral
"uninstall tokopedia di akhir bulan adalah jalan terbaik.

bulan depan aku instal lagi, ok?","['Brands and Companies', 'A taxonomy of user interests. ', 'A taxonomy of user interests. ', 'A taxonomy of user interests. ', 'for individual and types of technology, e.g., food technology, 3D printing']",uninstall tokopedia jalan terbaikbulan instal ok,positif
"@tokopedia @Sukirditmg loh serius min saya dlu itu min ,lihat jam nya min","['Brands and Companies', 'A taxonomy of user interests. ', 'A taxonomy of user interests. ', 'A taxonomy of user interests. ', 'for individual and types of technology, e.g., food technology, 3D printing']",tokopedia sukirditmg loh serius min dlu min lihat jam nya min,positif
"@tokopedia Ngonten di Tiktok nih min, doain menang biar bisa lanjut ke YouTube min.","['Brands and Companies', 'Brands and Companies', 'Brands and Companies', 'A taxonomy of user interests. ', 'A taxonomy of user interests. ', 'A taxonomy of user interests. ', 'A taxonomy of user interests. ', 'for individual and types of technology, e.g., food technology, 3D printing', 'for individual and types of technology, e.g., food technology, 3D printing', 'Entity Service top level domain, every item that is in Entity Service should be in this domain', 'Brands and Companies', 'A taxonomy of user interests. ']",tokopedia ngonten tiktok nih min doain menang biar youtube min,positif
"Open gestun instan gopaycicil hci homecredit bri ceria akulaku indodana kredivo adakami yup tokopedia lazada credit card cc, ada 800+ testi, GET CASHBACK, fee start 25k #zonauang #gestun","['Brands and Companies', 'Brands and Companies', 'Brands and Companies', 'A grouping of interests and hobbies entities, like Novelty Food or Destinations', 'A taxonomy of user interests. ', 'A taxonomy of user interests. ', 'A taxonomy of user interests. ', 'A taxonomy of user interests. ', 'A taxonomy of user interests. ', 'for individual and types of technology, e.g., food technology, 3D printing']",open gestun instan gopaycicil hci homecredit bri ceria akulaku indodana kredivo adakami yup tokopedia lazada credit card cc testi get cashback fee start k zonauang gestun,positif
"ğŸ€ Open gestun instan gopaycicil hci homecredit bri ceria akulaku indodana kredivo adakami yup tokopedia lazada credit card cc, ada 800+ testi, GET CASHBACK, fee start 25k ğŸ€ pencairan cairin tarik gesek tunai paylater topup top up #zonauang #zonabu #gestun .","['Brands and Companies', 'Brands and Companies', 'Brands and Companies', 'A grouping of interests and hobbies entities, like Novelty Food or Destinations', 'A taxonomy of user interests. ', 'A taxonomy of user interests. ', 'A taxonomy of user interests. ', 'A taxonomy of user interests. ', 'A taxonomy of user interests. ', 'for individual and types of technology, e.g., food technology, 3D printing']",open gestun instan gopaycicil hci homecredit bri ceria akulaku indodana kredivo adakami yup tokopedia lazada credit card cc testi get cashback fee start k cair cairin tarik gesek tunai paylater topup top up zonauang zonabu gestun,positif
@BANKBRI_ID @kontakBRI min kok tokopedia card saya tiba2 ke blokir sementara ya baru dipake 3x,"['Brands and Companies', 'Brands and Companies', 'A taxonomy of user interests. ', 'A taxonomy of user interests. ', 'A taxonomy of user interests. ', 'A taxonomy of user interests. ', 'A taxonomy of user interests. ', 'for individual and types of technology, e.g., food technology, 3D printing']",bankbriid kontakbri min tokopedia card blokir ya dipake x,negatif
@POCO_ID @maknatalks @makna @Snapdragon_ID @tokopedia @LazadaID @ShopeeID @bliblidotcom @akulakuID @xFYCx @NIION_ID @auraesportsid @USSFeeds @tfrnewsid @Folkative @SpotifyID @NetflixID @GrabID @gojekindonesia @traveloka @tiket aku mau juga dongg minnnn,"['Top level entities that describe a Brands industry', 'Entity Service top level domain, every item that is in Entity Service should be in this domain', 'Categories within Brand Verticals that narrow down the scope of Brands', 'Brands and Companies', 'Brands and Companies', 'Brands and Companies', 'Brands and Companies', 'Brands and Companies', 'Brands and Companies', 'Brands and Companies', 'Brands and Companies', 'Brands and Companies', 'Brands and Companies', 'Interests, opinions, and behaviors of individuals, groups, or cultures; like Speciality Cooking or Theme Parks', 'A taxonomy of user interests. ', 'A taxonomy of user interests. ', 'A taxonomy of user interests. ', 'A taxonomy of user interests. ', 'A taxonomy of user interests. ', 'A taxonomy of user interests. ', 'A taxonomy of user interests. ', 'A taxonomy of user interests. ', 'A taxonomy of user interests. ', 'A taxonomy of user interests. ', 'A taxonomy of user interests. ', 'A taxonomy of user interests. ', 'A taxonomy of user interests. ', 'for individual and types of technology, e.g., food technology, 3D printing']",pocoid maknatalks makna snapdragonid tokopedia lazadaid shopeeid bliblidotcom akulakuid xfycx niionid auraesportsid ussfeeds tfrnewsid folkative spotifyid netflixid grabid gojekindonesia traveloka tiket dongg minnnn,netral
@tokopedia Siapp minto!,"['Brands and Companies', 'A taxonomy of user interests. ', 'A taxonomy of user interests. ', 'A taxonomy of user interests. ', 'for individual and types of technology, e.g., food technology, 3D printing']",tokopedia siapp minto,netral
@tokopedia Kece sepatunyaa ğŸ¤©,"['Brands and Companies', 'A taxonomy of user interests. ', 'A taxonomy of user interests. ', 'A taxonomy of user interests. ', 'for individual and types of technology, e.g., food technology, 3D printing']",tokopedia kece sepatunyaa,netral
Kenape sih ini isi saldo emoney gabisa2 @tokopedia,"['Brands and Companies', 'A taxonomy of user interests. ', 'A taxonomy of user interests. ', 'A taxonomy of user interests. ', 'for individual and types of technology, e.g., food technology, 3D printing']",kenape sih isi saldo emoney gabisa tokopedia,netral
@islamifal @tokopedia mungkin dia dropshiper cumn salahnya alamat dia ga di taro sesuai asal barang,"['Brands and Companies', 'A taxonomy of user interests. ', 'A taxonomy of user interests. ', 'A taxonomy of user interests. ', 'for individual and types of technology, e.g., food technology, 3D printing']",islamifal tokopedia dropshiper cumn salah alamat ga taro sesuai barang,netral
@tokopedia Bukan aku dong yağŸ˜€,"['Brands and Companies', 'A taxonomy of user interests. ', 'A taxonomy of user interests. ', 'A taxonomy of user interests. ', 'for individual and types of technology, e.g., food technology, 3D printing']",tokopedia ya,netral
@tokopedia Ga apa2. Yg penting usaha ğŸ˜…âœŠ,"['Brands and Companies', 'A taxonomy of user interests. ', 'A taxonomy of user interests. ', 'A taxonomy of user interests. ', 'for individual and types of technology, e.g., food technology, 3D printing']",tokopedia ga yg usaha,netral
@tokopedia NgabrutğŸ˜‚,"['Brands and Companies', 'A taxonomy of user interests. ', 'A taxonomy of user interests. ', 'A taxonomy of user interests. ', 'for individual and types of technology, e.g., food technology, 3D printing']",tokopedia ngabrut,netral
"@tokopedia Buat gambar min ,,kalo pake layar kecil sedih min apk nya gak suport ğŸ˜­","['Brands and Companies', 'A taxonomy of user interests. ', 'A taxonomy of user interests. ', 'A taxonomy of user interests. ', 'for individual and types of technology, e.g., food technology, 3D printing']",tokopedia gambar min kalo pake layar sedih min apk nya suport,negatif
@anxietymsgs I Miss You but sometimes you say nothing at all in rrq ente gan ane mau jual di tokopedia di dunia ini yang bener loehhh di dunia ini yang bener loehhh di dunia ini yang bener loehhh ada di dalam hidupku aku tidak tahu kamu bisa menjadi lebih dari tahun sebelumnya yang hanya ada,"['Brands and Companies', 'A taxonomy of user interests. ', 'A taxonomy of user interests. ', 'A taxonomy of user interests. ', 'for individual and types of technology, e.g., food technology, 3D printing']",anxietymsgs i miss you but sometimes you say nothing at all in rrq ente gan ane jual tokopedia dunia bener loehhh dunia bener loehhh dunia bener loehhh hidup,positif
Baru kali ini gw komplen ke @tokopedia perkara duit 40rb doang wkwk. Simpel karena penjualnya kagak minta maaf padahal dia salah input orderan.,"['Brands and Companies', 'A taxonomy of user interests. ', 'A taxonomy of user interests. ', 'A taxonomy of user interests. ', 'for individual and types of technology, e.g., food technology, 3D printing']",kali komplen tokopedia perkara duit rb doang wkwk simpel jual kagak maaf salah input order,netral
@trash_url @18fesss Tokopedia bukan sih?,"['Brands and Companies', 'A taxonomy of user interests. ', 'A taxonomy of user interests. ', 'A taxonomy of user interests. ', 'for individual and types of technology, e.g., food technology, 3D printing']",trashurl fesss tokopedia sih,netral
"Gw baru tau kalo di @tokopedia, seller bisa kirim barang dari gudang mana aja tanpa ada pemberitahuan. Pesen barang dari seller yg tertulis di kota ""Batam"" tapi dikirim dari ""Jakarta"". Tanpa ada info di deskripsi. Buat apa ada informasi asal kota seller kalo gitu.","['Brands and Companies', 'A taxonomy of user interests. ', 'A taxonomy of user interests. ', 'A taxonomy of user interests. ', 'for individual and types of technology, e.g., food technology, 3D printing']",tau kalo tokopedia seller kirim barang gudang aja pemberitahuan sen barang seller yg tulis kota batam kirim jakarta info deskripsi informasi kota seller kalo gitu,netral
"Cek Kebutuhan Tokomu Bersama Varian Produk Arsia ğŸ˜

Stok aman, pelanggan pun senang. Yuk borong semua kebutuhanmu di: 

Shoope dan Tokopedia :  Arsia packaging
WA CS Semarang :  0812 2852 7510
WA CS Yogyakarta : 08112745431","['Brands and Companies', 'A taxonomy of user interests. ', 'A taxonomy of user interests. ', 'A taxonomy of user interests. ', 'for individual and types of technology, e.g., food technology, 3D printing']",cek butuh toko varian produk arsia stok aman langgan senang yuk borong butuh shoope tokopedia arsia packagingwa cs semarang wa cs yogyakarta,positif
"@tokopedia Harus punya Reno8 T karena aku suka banget dunia photography dengan 108MP bakalan bagus banget hasil fotonya, aku juga suka Game dengan layar Amoled 6.8 inch bakal puas banget main gamenya. #Reno8TdiTokopedia","['Brands and Companies', 'A taxonomy of user interests. ', 'A taxonomy of user interests. ', 'A taxonomy of user interests. ', 'for individual and types of technology, e.g., food technology, 3D printing']",tokopedia reno t suka banget dunia photography mp bagus banget hasil foto suka game layar amoled inch puas banget main gamenya renotditokopedia,positif
@thankuchingu voc tokopedia now masih ada kak?,"['Brands and Companies', 'A taxonomy of user interests. ', 'A taxonomy of user interests. ', 'A taxonomy of user interests. ', 'for individual and types of technology, e.g., food technology, 3D printing']",thankuchingu voc tokopedia now kak,netral
@trash_url @18fesss Tokopedia kak,"['Brands and Companies', 'A taxonomy of user interests. ', 'A taxonomy of user interests. ', 'A taxonomy of user interests. ', 'for individual and types of technology, e.g., food technology, 3D printing']",trashurl fesss tokopedia kak,netral
"Yha Lord, rejekiku udah cukup. Tapi bisa gak dilebihin dikit buat ganti HP #OPPOReno8T beli di @tokopedia ?","['Brands and Companies', 'A taxonomy of user interests. ', 'A taxonomy of user interests. ', 'A taxonomy of user interests. ', 'for individual and types of technology, e.g., food technology, 3D printing']",yha lord rejekiku udah dilebihin dikit ganti hp opporenot beli tokopedia,netral
"hiburan di kapal ini cuma cek tokopedia sama shopee, itu bener2 paling menghibur","['Brands and Companies', 'A taxonomy of user interests. ', 'A taxonomy of user interests. ', 'A taxonomy of user interests. ', 'for individual and types of technology, e.g., food technology, 3D printing']",hibur kapal cek tokopedia shopee bener hibur,positif
@etekattack @tokopedia duh ga notice lagi tek .. sedih dah w -_-,"['Brands and Companies', 'A taxonomy of user interests. ', 'A taxonomy of user interests. ', 'A taxonomy of user interests. ', 'for individual and types of technology, e.g., food technology, 3D printing']",etekattack tokopedia duh ga notice tek sedih dah w,negatif
"@powtypou hai kak, shopee&amp;tokopedia bisa ya:) tapi barang yg kakak rep udh soldğŸ¥¹","['Brands and Companies', 'A taxonomy of user interests. ', 'A taxonomy of user interests. ', 'A taxonomy of user interests. ', 'for individual and types of technology, e.g., food technology, 3D printing']",powtypou hai kak shopeeamptokopedia ya barang yg kakak rep udh sold,netral
"@mozaru_chizu nggak ada .. &gt;~&lt;
fun fact : di tiap kota, isinya indomaret alfamart bisa beda. OwO
kalo aku mau coba bisanya pesen dari tokopedia. xD","['Brands and Companies', 'Brands and Companies', 'Brands and Companies', 'A taxonomy of user interests. ', 'A taxonomy of user interests. ', 'A taxonomy of user interests. ', 'for individual and types of technology, e.g., food technology, 3D printing']",mozaruchizu nggak gtltfun fact kota isi indomaret alfamart beda owokalo coba bisa sen tokopedia xd,positif
Minisite blogger responsiv untul bisnis reseller tokopedia bukalapak dll,"['Brands and Companies', 'Brands and Companies', 'A taxonomy of user interests. ', 'A taxonomy of user interests. ', 'A taxonomy of user interests. ', 'A taxonomy of user interests. ', 'A taxonomy of user interests. ', 'for individual and types of technology, e.g., food technology, 3D printing']",minisite blogger responsiv untul bisnis reseller tokopedia bukalapak dll,netral
"@tokopedia belum juga kerja, malah sibuk cari tempat ngopiğŸ¤£","['Brands and Companies', 'A taxonomy of user interests. ', 'A taxonomy of user interests. ', 'A taxonomy of user interests. ', 'for individual and types of technology, e.g., food technology, 3D printing']",tokopedia kerja sibuk cari ngopi,positif
@riev13 @tokopedia @TokopediaCare Sidoarjo ciw,"['Brands and Companies', 'A taxonomy of user interests. ', 'A taxonomy of user interests. ', 'A taxonomy of user interests. ', 'for individual and types of technology, e.g., food technology, 3D printing']",riev tokopedia tokopediacare sidoarjo ciw,netral
"@swaayo @tokopedia @TokopediaCare sedih amat yuuuuu
bocahan mana itu yg jokul sampah?","['Brands and Companies', 'A taxonomy of user interests. ', 'A taxonomy of user interests. ', 'A taxonomy of user interests. ', 'for individual and types of technology, e.g., food technology, 3D printing']",swaayo tokopedia tokopediacare sedih yuuuuubocahan yg jokul sampah,negatif
"@tokopedia Sama, bedanya aku mikirin ayangğŸ¤£","['Brands and Companies', 'A taxonomy of user interests. ', 'A taxonomy of user interests. ', 'A taxonomy of user interests. ', 'for individual and types of technology, e.g., food technology, 3D printing']",tokopedia beda mikirin ayang,netral
"Admin @tokopedia, tolong aktif di resolution center. Laptop saya diambil orang lain di gudang @sicepat_ekspres . Mohon bantuannya untuk aktif di resolution center. Udah 2 hari gak ada tanggapan.","['Brands and Companies', 'A taxonomy of user interests. ', 'A taxonomy of user interests. ', 'A taxonomy of user interests. ', 'for individual and types of technology, e.g., food technology, 3D printing']",admin tokopedia tolong aktif resolution center laptop ambil orang gudang sicepatekspres mohon bantu aktif resolution center udah tanggap,positif
@tokopedia Nice info buat parents nihhh,"['Brands and Companies', 'A taxonomy of user interests. ', 'A taxonomy of user interests. ', 'A taxonomy of user interests. ', 'for individual and types of technology, e.g., food technology, 3D printing']",tokopedia nice info parents nihhh,netral
@tokopedia wehhh Semarang ğŸ¤£,"['Brands and Companies', 'A taxonomy of user interests. ', 'A taxonomy of user interests. ', 'A taxonomy of user interests. ', 'for individual and types of technology, e.g., food technology, 3D printing']",tokopedia wehhh semarang,netral
"ğŸ€ Open gestun instan gopaycicil hci homecredit bri ceria akulaku indodana kredivo adakami yup tokopedia lazada credit card cc, ada 800+ testi, dijamin trustedğŸ’¯ fee start 25k ğŸ€ pencairan cairin tarik gesek tunai paylater topup top up #zonauang #zonabu #gestun","['Brands and Companies', 'Brands and Companies', 'Brands and Companies', 'A grouping of interests and hobbies entities, like Novelty Food or Destinations', 'A taxonomy of user interests. ', 'A taxonomy of user interests. ', 'A taxonomy of user interests. ', 'A taxonomy of user interests. ', 'A taxonomy of user interests. ', 'for individual and types of technology, e.g., food technology, 3D printing']",open gestun instan gopaycicil hci homecredit bri ceria akulaku indodana kredivo adakami yup tokopedia lazada credit card cc testi jamin trusted fee start k cair cairin tarik gesek tunai paylater topup top up zonauang zonabu gestun,positif
@tokopedia Pemenang nya diumumkan dimna?,"['Brands and Companies', 'A taxonomy of user interests. ', 'A taxonomy of user interests. ', 'A taxonomy of user interests. ', 'for individual and types of technology, e.g., food technology, 3D printing']",tokopedia menang nya umum dimna,positif
"@tokopedia Saya malah seringnya mikirin sarapan apa, lalu panggil OB utk beli. 
Nanti siangnya baru mikir lg utk lunch. ğŸ¤­ğŸ˜‚","['Categories within Brand Verticals that narrow down the scope of Brands', 'Brands and Companies', 'Entity Service top level domain, every item that is in Entity Service should be in this domain', 'Interests, opinions, and behaviors of individuals, groups, or cultures; like Speciality Cooking or Theme Parks', 'Entity Service top level domain, every item that is in Entity Service should be in this domain', 'A taxonomy of user interests. ', 'A taxonomy of user interests. ', 'A taxonomy of user interests. ', 'A taxonomy of user interests. ', 'A taxonomy of user interests. ', 'A taxonomy of user interests. ', 'Topics about food, like Donuts or Brunch', 'for individual and types of technology, e.g., food technology, 3D printing']",tokopedia mikirin sarap panggil ob utk beli siang mikir lg utk lunch,netral
@tokopedia Ngacuungg ğŸ‘†,"['Brands and Companies', 'A taxonomy of user interests. ', 'A taxonomy of user interests. ', 'A taxonomy of user interests. ', 'for individual and types of technology, e.g., food technology, 3D printing']",tokopedia ngacuungg,netral
"@nyenyoleee HaiğŸ§šğŸ»â€â™€ï¸ @sonianayxn open gestun all paylater fee start reg 8% instan 10% 

akulaku bisa dp talang
shopee gratis ongkir get cashback koin 5% - 7%
tokopedia get disc up to 500k

trustedğŸ¦© fast respond 24jamâ€¼ï¸ 
testi 5.000+ cek di pinnedğŸ“Œ

ğŸ’Œ wa : 085173020461","['Brands and Companies', 'Brands and Companies', 'A taxonomy of user interests. ', 'A taxonomy of user interests. ', 'A taxonomy of user interests. ', 'A taxonomy of user interests. ', 'for individual and types of technology, e.g., food technology, 3D printing']",nyenyoleee hai sonianayxn open gestun all paylater fee start reg instan akulaku dp talangshopee gratis ongkir get cashback koin tokopedia get disc up to ktrusted fast respond jam testi cek pinned wa,positif
@tokopedia Aku malah mikirin crush min,"['Brands and Companies', 'A taxonomy of user interests. ', 'A taxonomy of user interests. ', 'A taxonomy of user interests. ', 'for individual and types of technology, e.g., food technology, 3D printing']",tokopedia mikirin crush min,netral
"@leecqhan HaiğŸ§šğŸ»â€â™€ï¸ @sonianayxn open gestun all paylater fee start reg 8% instan 10% 

akulaku bisa dp talang
shopee gratis ongkir get cashback koin 5% - 7%
tokopedia get disc up to 500k

trustedğŸ¦© fast respond 24jamâ€¼ï¸ 
testi 5.000+ cek di pinnedğŸ“Œ

ğŸ’Œ wa : 085173020461","['Brands and Companies', 'Brands and Companies', 'A taxonomy of user interests. ', 'A taxonomy of user interests. ', 'A taxonomy of user interests. ', 'A taxonomy of user interests. ', 'for individual and types of technology, e.g., food technology, 3D printing']",leecqhan hai sonianayxn open gestun all paylater fee start reg instan akulaku dp talangshopee gratis ongkir get cashback koin tokopedia get disc up to ktrusted fast respond jam testi cek pinned wa,positif
@tokopedia Tau aja min,"['Brands and Companies', 'A taxonomy of user interests. ', 'A taxonomy of user interests. ', 'A taxonomy of user interests. ', 'for individual and types of technology, e.g., food technology, 3D printing']",tokopedia tau aja min,netral
@nandamunidewi Harusnya kasi tau lah mbok biar dia beli di tokopedia. Biar aku makin cuan juga utk beli tiket M-Transâ€¦ hahahaha,"['Brands and Companies', 'A taxonomy of user interests. ', 'A taxonomy of user interests. ', 'A taxonomy of user interests. ', 'for individual and types of technology, e.g., food technology, 3D printing']",nandamunidewi kasi tau mbok biar beli tokopedia biar cuan utk beli tiket mtrans hahahaha,netral
@tokopedia Enggak ikut tes CPNS min tapi ikut tes jadi pengusaha,"['Brands and Companies', 'A taxonomy of user interests. ', 'A taxonomy of user interests. ', 'A taxonomy of user interests. ', 'for individual and types of technology, e.g., food technology, 3D printing']",tokopedia tes cpns min tes usaha,netral
"11. Individual Presentation dari CEO Tokopedia, yang menyampaikan kiat-kiat sukses dalam membangun platform e-commerce sebagai salah satu misi mencapai pemerataan ekonomi digital.
@kumham_kalsel

#KumhamKalsel
#FaisolAli
Kanwil Kemenkumham Kalsel
Faisol Ali","['Brands and Companies', 'A taxonomy of user interests. ', 'A taxonomy of user interests. ', 'A taxonomy of user interests. ', 'for individual and types of technology, e.g., food technology, 3D printing']",individual presentation ceo tokopedia kiatkiat sukses bangun platform ecommerce salah misi capai perata ekonomi digitalkumhamkalselkumhamkalselfaisolalikanwil kemenkumham kalselfaisol ali,netral
"10. Keesokan harinya acara dimulai kembali dengan Individual Presentation dari CEO Tokopedia, yg menyampaikan kiat-kiat sukses dlm membangun platform e-commerce 
@kumham_kalsel

#KumhamKalsel
#FaisolAli
Kanwil Kemenkumham Kalsel
Faisol Al","['Brands and Companies', 'A taxonomy of user interests. ', 'A taxonomy of user interests. ', 'A taxonomy of user interests. ', 'for individual and types of technology, e.g., food technology, 3D printing']",esok hari acara individual presentation ceo tokopedia yg kiatkiat sukses dlm bangun platform ecommerce kumhamkalselkumhamkalselfaisolalikanwil kemenkumham kalselfaisol al,positif
"@boraonme HaiğŸ§šğŸ»â€â™€ï¸ @sonianayxn open gestun all paylater fee start reg 8% instan 10% 

akulaku bisa dp talang
shopee gratis ongkir get cashback koin 5% - 7%
tokopedia get disc up to 500k

trustedğŸ¦© fast respond 24jamâ€¼ï¸ 
testi 5.000+ cek di pinnedğŸ“Œ

ğŸ’Œ wa : 085173020461","['Brands and Companies', 'Brands and Companies', 'A taxonomy of user interests. ', 'A taxonomy of user interests. ', 'A taxonomy of user interests. ', 'A taxonomy of user interests. ', 'for individual and types of technology, e.g., food technology, 3D printing']",boraonme hai sonianayxn open gestun all paylater fee start reg instan akulaku dp talangshopee gratis ongkir get cashback koin tokopedia get disc up to ktrusted fast respond jam testi cek pinned wa,positif
@AkemiNekomachi bukannya pesan di tokopedia?,"['Brands and Companies', 'A taxonomy of user interests. ', 'A taxonomy of user interests. ', 'A taxonomy of user interests. ', 'for individual and types of technology, e.g., food technology, 3D printing']",akeminekomachi pesan tokopedia,netral
"Open jasa titip jualan/produk/link co

â€¢ Fee jastip: 1.5k/resi
â€¢ Avail for: tokped (bebas ongkir) &amp; shopee (xtra)
â€¢ Payment after cek link
â€¢ Bisa cek ongkir dulu
â€¢ Hrs sudah ada buyer

#zonauang #zonajajan #zonaba nitip dititipin tokopedia oren ijo gratong freeong","['Brands and Companies', 'A taxonomy of user interests. ', 'A taxonomy of user interests. ', 'A taxonomy of user interests. ', 'for individual and types of technology, e.g., food technology, 3D printing']",open jasa titip jualanproduklink co fee jastip kresi avail for tokped bebas ongkir amp shopee xtra payment after cek link cek ongkir dulu hrs buyerzonauang zonajajan zonaba nitip dititipin tokopedia oren ijo gratong freeong,netral
"11. Individual Presentation dari CEO Tokopedia, yang menyampaikan kiat-kiat sukses dalam membangun platform e-commerce sebagai salah satu misi mencapai pemerataan ekonomi digital.
@kumham_kalsel

#KumhamKalsel
#FaisolAli
Kanwil Kemenkumham Kalsel
Faisol Ali","['Brands and Companies', 'A taxonomy of user interests. ', 'A taxonomy of user interests. ', 'A taxonomy of user interests. ', 'for individual and types of technology, e.g., food technology, 3D printing']",individual presentation ceo tokopedia kiatkiat sukses bangun platform ecommerce salah misi capai perata ekonomi digitalkumhamkalselkumhamkalselfaisolalikanwil kemenkumham kalselfaisol ali,netral
"10. Keesokan harinya acara dimulai kembali dengan Individual Presentation dari CEO Tokopedia, yg menyampaikan kiat-kiat sukses dlm membangun platform e-commerce 
@kumham_kalsel

#KumhamKalsel
#FaisolAli
Kanwil Kemenkumham Kalsel
Faisol Ali","['Brands and Companies', 'A taxonomy of user interests. ', 'A taxonomy of user interests. ', 'A taxonomy of user interests. ', 'for individual and types of technology, e.g., food technology, 3D printing']",esok hari acara individual presentation ceo tokopedia yg kiatkiat sukses dlm bangun platform ecommerce kumhamkalselkumhamkalselfaisolalikanwil kemenkumham kalselfaisol ali,positif
"11. Individual Presentation dari CEO Tokopedia, yang menyampaikan kiat-kiat sukses dalam membangun platform e-commerce sebagai salah satu misi mencapai pemerataan ekonomi digital.
@kumham_kalsel

#KumhamKalsel
#FaisolAli
Kanwil Kemenkumham Kalsel
Faisol Ali","['Brands and Companies', 'A taxonomy of user interests. ', 'A taxonomy of user interests. ', 'A taxonomy of user interests. ', 'for individual and types of technology, e.g., food technology, 3D printing']",individual presentation ceo tokopedia kiatkiat sukses bangun platform ecommerce salah misi capai perata ekonomi digitalkumhamkalselkumhamkalselfaisolalikanwil kemenkumham kalselfaisol ali,netral
"10. Keesokan harinya acara dimulai kembali dengan Individual Presentation dari CEO Tokopedia, yg menyampaikan kiat-kiat sukses dlm membangun platform e-commerce 
@kumham_kalsel

#KumhamKalsel
#FaisolAli
Kanwil Kemenkumham Kalsel
Faisol Ali","['Brands and Companies', 'A taxonomy of user interests. ', 'A taxonomy of user interests. ', 'A taxonomy of user interests. ', 'for individual and types of technology, e.g., food technology, 3D printing']",esok hari acara individual presentation ceo tokopedia yg kiatkiat sukses dlm bangun platform ecommerce kumhamkalselkumhamkalselfaisolalikanwil kemenkumham kalselfaisol ali,positif
"11. Individual Presentation dari CEO Tokopedia, yang menyampaikan kiat-kiat sukses dalam membangun platform e-commerce sebagai salah satu misi mencapai pemerataan ekonomi digital.
@kumham_kalsel

#KumhamKalsel
#FaisolAli
Kanwil Kemenkumham Kalsel
Faisol Ali","['Brands and Companies', 'A taxonomy of user interests. ', 'A taxonomy of user interests. ', 'A taxonomy of user interests. ', 'for individual and types of technology, e.g., food technology, 3D printing']",individual presentation ceo tokopedia kiatkiat sukses bangun platform ecommerce salah misi capai perata ekonomi digitalkumhamkalselkumhamkalselfaisolalikanwil kemenkumham kalselfaisol ali,netral
"10. Keesokan harinya acara dimulai kembali dengan Individual Presentation dari CEO Tokopedia, yg menyampaikan kiat-kiat sukses dlm membangun platform e-commerce 
@kumham_kalsel

#KumhamKalsel
#FaisolAli
Kanwil Kemenkumham Kalsel
Faisol Ali","['Brands and Companies', 'A taxonomy of user interests. ', 'A taxonomy of user interests. ', 'A taxonomy of user interests. ', 'for individual and types of technology, e.g., food technology, 3D printing']",esok hari acara individual presentation ceo tokopedia yg kiatkiat sukses dlm bangun platform ecommerce kumhamkalselkumhamkalselfaisolalikanwil kemenkumham kalselfaisol ali,positif
@ShopeeID Aplikasi nya lemot parah... kalah cepet sama tokopedia,"['Brands and Companies', 'Brands and Companies', 'A taxonomy of user interests. ', 'A taxonomy of user interests. ', 'A taxonomy of user interests. ', 'A taxonomy of user interests. ', 'for individual and types of technology, e.g., food technology, 3D printing']",shopeeid aplikasi nya lot parah kalah cepet tokopedia,negatif
"@dea_sehat @tokopedia @ShopeeCare @TokopediaCare @bukalapak @blibli Di jual beli online di tuntun ada video unboxing kalo gak ada unboxing pihak ke 3 mana percaya ke anda jangan semua samain toko online penipu 

kan anda bisa lihat reting yang gimana buruk atau gak setiap toko ada peraturan video unboxing kalo gak ada buyer yang bertanggung jwb","['Brands and Companies', 'Brands and Companies', 'Brands and Companies', 'A taxonomy of user interests. ', 'A taxonomy of user interests. ', 'A taxonomy of user interests. ', 'A taxonomy of user interests. ', 'for individual and types of technology, e.g., food technology, 3D printing']",deasehat tokopedia shopeecare tokopediacare bukalapak blibli jual beli online tuntun video unboxing kalo unboxing percaya samain toko online tipu lihat reting gimana buruk toko atur video unboxing kalo buyer tanggung jwb,negatif
"11. Individual Presentation dari CEO Tokopedia, yang menyampaikan kiat-kiat sukses dalam membangun platform e-commerce sebagai salah satu misi mencapai pemerataan ekonomi digital.
@kumham_kalsel

#KumhamKalsel
#FaisolAli
Kanwil Kemenkumham Kalsel
Faisol Ali","['Brands and Companies', 'A taxonomy of user interests. ', 'A taxonomy of user interests. ', 'A taxonomy of user interests. ', 'for individual and types of technology, e.g., food technology, 3D printing']",individual presentation ceo tokopedia kiatkiat sukses bangun platform ecommerce salah misi capai perata ekonomi digitalkumhamkalselkumhamkalselfaisolalikanwil kemenkumham kalselfaisol ali,netral
"10. Keesokan harinya acara dimulai kembali dengan Individual Presentation dari CEO Tokopedia, yg menyampaikan kiat-kiat sukses dlm membangun platform e-commerce 
@kumham_kalsel

#KumhamKalsel
#FaisolAli
Kanwil Kemenkumham Kalsel
Faisol Ali","['Brands and Companies', 'A taxonomy of user interests. ', 'A taxonomy of user interests. ', 'A taxonomy of user interests. ', 'for individual and types of technology, e.g., food technology, 3D printing']",esok hari acara individual presentation ceo tokopedia yg kiatkiat sukses dlm bangun platform ecommerce kumhamkalselkumhamkalselfaisolalikanwil kemenkumham kalselfaisol ali,positif
"WTS 
Tiket EXO SC, CAT 1 jual rugi 1,8/tiket
Sisa 2 tiket ROW i
Mau di urusin sampe tiket fisik bisa nanti lewat jasa tuker tiket
Mau rekber tokopedia/shopee juga boleh
#EXOSC_BackToBack #EXOSCFANCONINJAKARTA #EXOSCInJKT","['Categories within Brand Verticals that narrow down the scope of Brands', 'Brands and Companies', 'A taxonomy of user interests. ', 'A taxonomy of user interests. ', 'A taxonomy of user interests. ', 'for individual and types of technology, e.g., food technology, 3D printing', 'Named people in the world like Nelson Mandela', 'A musician in the world, like Adele or Bob Dylan', 'A category for a musical style, like Pop, Rock, or Rap', 'A taxonomy of user interests. ', 'A taxonomy of user interests. ', 'A taxonomy of user interests. ']",wts tiket exo sc cat jual rugi tiketsisa tiket row imau urusin sampe tiket fisik jasa tuker tiketmau rekber tokopediashopee bolehexoscbacktoback exoscfanconinjakarta exoscinjkt,negatif
"""Selamat! Kamu terpilih untuk dapetin diskon belanja s/d Rp150.000 di ribuan merchant favorit seperti Tokopedia, Lazada, Alfamart, dll.

Cukup daftar Kredivo menggunakan kode referal 'nuru3kjpo', diskon akan langsung bisa kamu pakai untuk transaksi pertamamu!

""","['Brands and Companies', 'Brands and Companies', 'Brands and Companies', 'A taxonomy of user interests. ', 'A taxonomy of user interests. ', 'A taxonomy of user interests. ', 'A taxonomy of user interests. ', 'A taxonomy of user interests. ', 'for individual and types of technology, e.g., food technology, 3D printing']",selamat pilih dapetin diskon belanja sd rp ribu merchant favorit tokopedia lazada alfamart dllcukup daftar kredivo kode referal nurukjpo diskon langsung pakai transaksi pertama,positif
"@DragonoHalim Pengalaman sendiri sih nggak ni, karena pas tanggalnya jatuh tempo jadi udah dianggep nggak ada yang nunggak karena udah kebayar sebelumnya sama Tokopedia Langganan","['Brands and Companies', 'A taxonomy of user interests. ', 'A taxonomy of user interests. ', 'A taxonomy of user interests. ', 'for individual and types of technology, e.g., food technology, 3D printing']",dragonohalim alam sih nggak ni pas tanggal jatuh tempo udah dianggep nggak nunggak udah bayar tokopedia langgan,netral
Halo @TokopediaCare pelanggan anda masih menunggu penjelasan atas tuduhan pelanggaran yang Tokopedia tuduhkan kepada saya!!!,"['Brands and Companies', 'A taxonomy of user interests. ', 'A taxonomy of user interests. ', 'A taxonomy of user interests. ', 'for individual and types of technology, e.g., food technology, 3D printing']",halo tokopediacare langgan tunggu jelas tuduh langgar tokopedia tuduh,negatif
@bankmandiri  Min ....mau tanya kenapa mau top up melalui toko online shopee atau tokopedia tidak tersedia untuk emoney nya ?,"['Brands and Companies', 'Brands and Companies', 'A taxonomy of user interests. ', 'A taxonomy of user interests. ', 'A taxonomy of user interests. ', 'A taxonomy of user interests. ', 'for individual and types of technology, e.g., food technology, 3D printing']",bankmandiri min top up toko online shopee tokopedia sedia emoney nya,netral
"@DragonoHalim Pake Tokopedia Langganan bisa ni, gw pake autodebit CC setting dari BPJS-nya pun pernah gagal soalnya ğŸ˜‚","['Brands and Companies', 'A taxonomy of user interests. ', 'A taxonomy of user interests. ', 'A taxonomy of user interests. ', 'for individual and types of technology, e.g., food technology, 3D printing']",dragonohalim pake tokopedia langgan ni pake autodebit cc setting bpjsnya gagal,negatif
"@bagusjkusuma @18fesss grab mungkin, opo mungkin Tokopedia boss","['Brands and Companies', 'A taxonomy of user interests. ', 'A taxonomy of user interests. ', 'A taxonomy of user interests. ', 'for individual and types of technology, e.g., food technology, 3D printing']",bagusjkusuma fesss grab opo tokopedia boss,netral
"Tokopedia dan Shopee
antara kau dan dia
aku pilih sepi

@tokopedia @ShopeeID","['Brands and Companies', 'Brands and Companies', 'A taxonomy of user interests. ', 'A taxonomy of user interests. ', 'A taxonomy of user interests. ', 'A taxonomy of user interests. ', 'for individual and types of technology, e.g., food technology, 3D printing']",tokopedia shopeeantara kau diaaku pilih sepitokopedia shopeeid,netral
@MORRYSMARKETOFF @tokopedia @ShopeeCare @TokopediaCare @bukalapak @blibli Ga semua buyer bisa buat video unboxing. Kalo yg beli org udah tua / lansia gimana? Seperti berita2 yg ada. Yg sering ketipu. Jangan selalu menuntut ke buyer kak saran saya. Seller juga turut serta bertanggung jawab atas penjualannya,"['Brands and Companies', 'Brands and Companies', 'Brands and Companies', 'A taxonomy of user interests. ', 'A taxonomy of user interests. ', 'A taxonomy of user interests. ', 'A taxonomy of user interests. ', 'for individual and types of technology, e.g., food technology, 3D printing']",morrysmarketoff tokopedia shopeecare tokopediacare bukalapak blibli ga buyer video unboxing kalo yg beli org udah tua lansia gimana berita yg yg tipu tuntut buyer kak saran seller tanggung jual,negatif
"Open Gestun limit paylater :
ğŸ›’ kredivo, Homecredit, BRI Ceria,traveloka VN,credit Card,gopayLater/cicil, dan tokopedia card
ğŸ›’ Akulaku, Bukalapak 
ğŸ›’ Spaylater 

ğŸ’Œ Co via tokped bisa apply voucher cashback &amp; diskon barang
#zonauang 5","['Brands and Companies', 'Brands and Companies', 'Brands and Companies', 'Brands and Companies', 'A grouping of interests and hobbies entities, like Novelty Food or Destinations', 'A taxonomy of user interests. ', 'A taxonomy of user interests. ', 'A taxonomy of user interests. ', 'for individual and types of technology, e.g., food technology, 3D printing']",open gestun limit paylater kredivo homecredit bri ceriatraveloka vncredit cardgopaylatercicil tokopedia card akulaku bukalapak spaylater co via tokped apply voucher cashback amp diskon barangzonauang,netral
"ğŸ€ Open gestun instan gopaycicil hci homecredit bri ceria akulaku indodana kredivo adakami yup tokopedia lazada credit card cc, ada 800+ testi, GET CASHBACK, fee start 25k ğŸ€ pencairan cairin tarik gesek tunai paylater topup top up #zonauang #zonabu #gestun","['Brands and Companies', 'Brands and Companies', 'Brands and Companies', 'A grouping of interests and hobbies entities, like Novelty Food or Destinations', 'A taxonomy of user interests. ', 'A taxonomy of user interests. ', 'A taxonomy of user interests. ', 'A taxonomy of user interests. ', 'A taxonomy of user interests. ', 'for individual and types of technology, e.g., food technology, 3D printing']",open gestun instan gopaycicil hci homecredit bri ceria akulaku indodana kredivo adakami yup tokopedia lazada credit card cc testi get cashback fee start k cair cairin tarik gesek tunai paylater topup top up zonauang zonabu gestun,positif
"@bynbinn HaiğŸ§šğŸ»â€â™€ï¸ @sonianayxn open gestun all paylater fee start reg 8% instan 10% 

akulaku bisa dp talang
shopee gratis ongkir get cashback koin 5% - 7%
tokopedia get disc up to 500k

trustedğŸ¦© fast respond 24jamâ€¼ï¸ 
testi 5.000+ cek di pinnedğŸ“Œ

ğŸ’Œ wa : 085173020461","['Brands and Companies', 'Brands and Companies', 'A taxonomy of user interests. ', 'A taxonomy of user interests. ', 'A taxonomy of user interests. ', 'A taxonomy of user interests. ', 'for individual and types of technology, e.g., food technology, 3D printing']",bynbinn hai sonianayxn open gestun all paylater fee start reg instan akulaku dp talangshopee gratis ongkir get cashback koin tokopedia get disc up to ktrusted fast respond jam testi cek pinned wa,positif
"@strawberiesanne HaiğŸ§šğŸ»â€â™€ï¸ @sonianayxn open gestun all paylater fee start reg 8% instan 10% 

akulaku bisa dp talang
shopee gratis ongkir get cashback koin 5% - 7%
tokopedia get disc up to 500k

trustedğŸ¦© fast respond 24jamâ€¼ï¸ 
testi 5.000+ cek di pinnedğŸ“Œ

ğŸ’Œ wa : 085173020461","['Brands and Companies', 'Brands and Companies', 'A taxonomy of user interests. ', 'A taxonomy of user interests. ', 'A taxonomy of user interests. ', 'A taxonomy of user interests. ', 'for individual and types of technology, e.g., food technology, 3D printing']",strawberiesanne hai sonianayxn open gestun all paylater fee start reg instan akulaku dp talangshopee gratis ongkir get cashback koin tokopedia get disc up to ktrusted fast respond jam testi cek pinned wa,positif
"WTB PC TOKPED X BTS 

Vol mana aja tawarin dm

tags wts wtb pc bts rm namjoon jin seokjin suga yoongi hobi jhope jimin taehyung v jungkook jk bangtan ijo tokopedia","['Named people in the world like Nelson Mandela', 'Categories within Brand Verticals that narrow down the scope of Brands', 'Brands and Companies', 'A musician in the world, like Adele or Bob Dylan', 'A category for a musical style, like Pop, Rock, or Rap', 'A taxonomy of user interests. ', 'A taxonomy of user interests. ', 'A taxonomy of user interests. ', 'A taxonomy of user interests. ', 'A taxonomy of user interests. ', 'A taxonomy of user interests. ', 'for individual and types of technology, e.g., food technology, 3D printing', 'Named people in the world like Nelson Mandela', 'Named people in the world like Nelson Mandela', 'Named people in the world like Nelson Mandela', 'Named people in the world like Nelson Mandela', 'Named people in the world like Nelson Mandela', 'Named people in the world like Nelson Mandela', 'Named people in the world like Nelson Mandela', 'A musician in the world, like Adele or Bob Dylan', 'A musician in the world, like Adele or Bob Dylan', 'A musician in the world, like Adele or Bob Dylan', 'A musician in the world, like Adele or Bob Dylan', 'A musician in the world, like Adele or Bob Dylan', 'A musician in the world, like Adele or Bob Dylan', 'A musician in the world, like Adele or Bob Dylan', 'A category for a musical style, like Pop, Rock, or Rap', 'A taxonomy of user interests. ', 'A taxonomy of user interests. ', 'A taxonomy of user interests. ', 'A taxonomy of user interests. ', 'A taxonomy of user interests. ', 'A taxonomy of user interests. ', 'A taxonomy of user interests. ', 'A taxonomy of user interests. ', 'A taxonomy of user interests. ']",wtb pc tokped x bts vol aja tawarin dmtags wts wtb pc bts rm namjoon jin seokjin suga yoongi hobi jhope jimin taehyung v jungkook jk bangtan ijo tokopedia,netral
@tokopedia No setingan alasannya,"['Brands and Companies', 'A taxonomy of user interests. ', 'A taxonomy of user interests. ', 'A taxonomy of user interests. ', 'for individual and types of technology, e.g., food technology, 3D printing']",tokopedia no ting alas,netral
"@tokopedia Bro ,oke juga","['Brands and Companies', 'A taxonomy of user interests. ', 'A taxonomy of user interests. ', 'A taxonomy of user interests. ', 'for individual and types of technology, e.g., food technology, 3D printing']",tokopedia bro oke,netral
"open gestun kredivo, gopaylater/cicil, bri ceria, indodana, home credit by tokopedia. instan cair 15-30 menit ya. bisa claim cashback &amp; freeongğŸ’¯ğŸŒ¸#zonauangá… ","['Brands and Companies', 'A taxonomy of user interests. ', 'A taxonomy of user interests. ', 'A taxonomy of user interests. ', 'for individual and types of technology, e.g., food technology, 3D printing']",open gestun kredivo gopaylatercicil bri ceria indodana home credit by tokopedia instan cair menit ya claim cashback amp freeong zonauang,positif
@pln_123 kenapa ga bisa beli token? Udah nyoba dari 3 mobile banking dan tokopedia,"['Brands and Companies', 'A taxonomy of user interests. ', 'A taxonomy of user interests. ', 'A taxonomy of user interests. ', 'A taxonomy of user interests. ', 'A taxonomy of user interests. ', 'for individual and types of technology, e.g., food technology, 3D printing']",pln ga beli token udah nyoba mobile banking tokopedia,netral
@trash_url @18fesss tokopedia,"['Brands and Companies', 'A taxonomy of user interests. ', 'A taxonomy of user interests. ', 'A taxonomy of user interests. ', 'for individual and types of technology, e.g., food technology, 3D printing']",trashurl fesss tokopedia,netral
@dea_sehat @tokopedia @ShopeeCare @TokopediaCare @bukalapak @blibli Gk semua seller ada cctv di sini buyer di tuntut aktif klo barang gk sesuai,"['Brands and Companies', 'Brands and Companies', 'Brands and Companies', 'A taxonomy of user interests. ', 'A taxonomy of user interests. ', 'A taxonomy of user interests. ', 'A taxonomy of user interests. ', 'for individual and types of technology, e.g., food technology, 3D printing']",deasehat tokopedia shopeecare tokopediacare bukalapak blibli seller cctv buyer tuntut aktif klo barang sesuai,positif
@tokopedia___ @dlggity @tanyarlfes cara ngirim ke base gimana kak? aku pengin cerita di base huhu,[],tokopedia dlggity tanyarlfes ngirim base gimana kak pengin cerita base huhu,netral
Untuk User Tokopedia silahkan cek favorit :),"['Brands and Companies', 'A taxonomy of user interests. ', 'A taxonomy of user interests. ', 'A taxonomy of user interests. ', 'for individual and types of technology, e.g., food technology, 3D printing']",user tokopedia silah cek favorit,positif
@tokopedia Udah ikutan komen dari awal ğŸ˜Š tinggal berusaha terus &amp; berdoa,"['Brands and Companies', 'A taxonomy of user interests. ', 'A taxonomy of user interests. ', 'A taxonomy of user interests. ', 'for individual and types of technology, e.g., food technology, 3D printing']",tokopedia udah ikut komen tinggal usaha amp doa,netral
@tokopedia Kalah cepet mlu klo flash sale atau klaim voucher ğŸ˜‚ğŸ˜‚ omaigaaaat,"['Brands and Companies', 'A taxonomy of user interests. ', 'A taxonomy of user interests. ', 'A taxonomy of user interests. ', 'for individual and types of technology, e.g., food technology, 3D printing']",tokopedia kalah cepet mlu klo flash sale klaim voucher omaigaaaat,negatif
